Observation ID,Date,Date Known,Landmark,First Name,Longitude,latitude,Last Name,#,Elev,Asp,Type,Trig,Secondary Trigger,sizeR,sizeD,Incident,Area,Location,Description,Comments,Sliding Sfc,Status,Locked,Weak Layer,Avg Width,Width Units,Avg Vertical,Vertical Units,Avg Crown,Crown Units,Terminus
1988ed60-b3bf-4120-9d2d-bf93282951bb, Wed Apr 02 2025 12:00:00 GMT-0600 (Mountain Daylight Time), Known, -, -, -105.668747, 40.2781592, -, 1, TL, E, HS, AS, c, R1, D1, -, Front Range, -, -, -, -, approved, -, -, -, -, -, -, -, -, -
0aa4b298-9ec1-4517-87da-b9d69245e515, Wed Apr 02 2025 12:00:00 GMT-0600 (Mountain Daylight Time), Known, -, -, -105.685036, 39.8999944, -, 1, TL, N, SS, N, c, R1, D1, -, Front Range, -, -, -, -, approved, -, Interface, -, -, -, -, -, -, -
0aa4b298-9ec1-4517-87da-b9d69245e515, Wed Apr 02 2025 12:00:00 GMT-0600 (Mountain Daylight Time), Known, -, -, -105.685036, 39.8999944, -, 3, TL, NE, SS, AS, c, R2, D1.5, -, Front Range, -, -, -, S, approved, -, Interface, -, -, -, -, -, -, -
1988ed60-b3bf-4120-9d2d-bf93282951bb, Tue Apr 01 2025 12:00:00 GMT-0600 (Mountain Daylight Time), Estimated, -, -, -105.668747, 40.2781592, -, 2, TL, E, HS, -, -, R1, D1, -, Front Range, -, -, -, -, approved, -, -, -, -, -, -, -, -, -
0aa4b298-9ec1-4517-87da-b9d69245e515, Tue Apr 01 2025 12:00:00 GMT-0600 (Mountain Daylight Time), Estimated, -, -, -105.685036, 39.8999944, -, 1, >TL, NE, SS, N, -, R1, D1.5, -, Front Range, -, -, -, -, approved, -, -, -, -, -, -, -, -, -
d38202ac-96a6-4c8b-bedf-7501fecfba9d, Tue Apr 01 2025 12:00:00 GMT-0600 (Mountain Daylight Time), Estimated, -, -, -105.7970336, 39.8180587, -, 3, >TL, E, SS, N, -, R1, D1, -, Front Range, Current Creek Bench, -, Debris appears to be a soft cornice failure, -, approved, -, -, -, -, -, -, -, -, -
2955d281-07b0-4fc1-ab4c-9e8d9cdbb169, Sun Mar 30 2025 14:25:00 GMT-0600 (Mountain Daylight Time), Known, -, -, -105.8925128, 40.5208158, -, 1, >TL, NE, SS, N, -, R2, D2, -, Front Range, Mt. Braddock - Location: 40.18200 -105.91475 | 11644 ft | 2:25 PM (observed) ,   , -, -, approved, -, -, -, -, -, -, -, -, -
c1ec4d71-3ac2-4937-8674-1713d7d596c4, Sun Mar 30 2025 12:00:00 GMT-0600 (Mountain Daylight Time), Known, -, -, -105.7898892, 39.8041827, -, 1, >TL, N, SS, AS, -, R1, D1, -, Front Range, -, -, -, -, approved, -, -, -, -, -, -, -, -, -
27c5041f-e73c-4064-9dde-90b11fdd021b, Sun Mar 30 2025 12:00:00 GMT-0600 (Mountain Daylight Time), Estimated, -, -, -105.8211728, 39.6442214, -, 1, >TL, N, SS, AS, -, R1, D1, -, Front Range, -, -, -, -, approved, -, -, -, -, -, -, -, -, -
2955d281-07b0-4fc1-ab4c-9e8d9cdbb169, Sun Mar 30 2025 12:00:00 GMT-0600 (Mountain Daylight Time), Known, -, -, -105.8925128, 40.5208158, -, 1, >TL, NE, SS, N, -, R1, D1, -, Front Range, South Diamond - Ptarmigan Face - Location: 40.51531 -105.90550 | 11600 ft | 11:45 AM,   , -, -, approved, -, -, -, -, -, -, -, -, -
2955d281-07b0-4fc1-ab4c-9e8d9cdbb169, Sun Mar 30 2025 12:00:00 GMT-0600 (Mountain Daylight Time), Estimated, -, -, -105.8925128, 40.5208158, -, 1, <TL, N, WL, AS, c, R2, D1.5, -, Front Range, Shanty Run - Location: 40.49920 -105.88736 | 10333 ft | 1:45 PM (triggered) ,   , -, -, approved, -, -, -, -, -, -, -, -, -
fcc2a614-e4f6-4b0c-9d67-fedc14f7ae99, Sun Mar 30 2025 12:00:00 GMT-0600 (Mountain Daylight Time), Estimated, -, -, -105.7274507, 39.8402827, -, 1, All, NE, SS, N, -, R2, D1.5, -, Front Range, -, -, -, -, approved, -, -, -, -, -, -, -, -, -
54665f74-09b5-4e21-b3ce-952bbfcc033f, Sat Mar 29 2025 12:00:00 GMT-0600 (Mountain Daylight Time), Known, -, -, -105.8608943, 39.7178455, -, 1, >TL, SW, SS, AS, u, R1, D1, -, Front Range, -, -, -, -, approved, -, -, -, -, -, -, -, -, -
e7a57e0b-25c0-480b-be7c-7705b81abae3, Sat Mar 29 2025 12:00:00 GMT-0600 (Mountain Daylight Time), Known, -, -, -105.8222585, 39.7253887, -, 1, >TL, N, SS, AS, u, R1, D1, -, Front Range, -, -, -, -, approved, -, -, -, -, -, -, -, -, -
c4348854-4def-4189-89f6-336054650d41, Sat Mar 29 2025 12:00:00 GMT-0600 (Mountain Daylight Time), Known, -, -, -105.668747, 40.309934, -, 2, >TL, SE, WL, N, -, R1, D1, -, Front Range, -, -, -, -, approved, -, -, -, -, -, -, -, -, -
85cd9bc2-e8d4-4de8-b7b6-941a00d74c60, Sat Mar 29 2025 12:00:00 GMT-0600 (Mountain Daylight Time), Known, -, -, -105.9011928, 40.5139656, -, 1, TL, NE, WL, AS, -, R1, D1, -, Front Range, The Wave, -, -, -, approved, -, -, -, -, -, -, -, -, -
6353f08e-96fb-4fed-ac71-528ed7d377c7, Sat Mar 29 2025 12:00:00 GMT-0600 (Mountain Daylight Time), Known, -, -, -105.8893039, 39.6700376, -, 1, >TL, E, SS, AS, c, R1, D1, -, Front Range, -, I triggered one small Wind Slab avalanche. Notable was the lack of avalanche activity around Loveland Pass. There were some small loose snow avalanches out of the steepest and rockiest terrain. I thought I may see some rollerballs out of low-elevation northerly terrain towards the bottom of the pass but I did not., -, -, approved, -, -, -, -, -, -, -, -, -
963ebb81-e6af-449f-b331-ab36f9c51f46, Sat Mar 29 2025 12:00:00 GMT-0600 (Mountain Daylight Time), Known, -, -, -105.0621082, 38.8567602, -, 2, >TL, NE, SS, AF, -, R1, D1.5, -, Front Range, French creek area called the wall. , French creek ""the wall area"" mile 17 of pikes peak highway east northeast aspect 13 k in elevation 2 miles south of Pikes Peak summit. , -, -, approved, -, Unknown, 30, ft, 1000, ft, 6, in, BP
85cd9bc2-e8d4-4de8-b7b6-941a00d74c60, Sat Mar 29 2025 12:00:00 GMT-0600 (Mountain Daylight Time), Known, -, -, -105.9011928, 40.5139656, -, 1, TL, NE, WL, AS, -, R1, D1, true, Front Range, The Gash, -, -, -, approved, -, -, -, -, -, -, -, -, -
a57465ed-f10c-4b0b-be06-3aa5cdd038cf, Sat Mar 29 2025 12:00:00 GMT-0600 (Mountain Daylight Time), Known, -, -, -105.6765806, 39.8960554, -, 1, TL, NE, SS, AS, -, R1, D1, -, Front Range, -, -, -, -, approved, -, -, -, -, -, -, -, -, -
f196e47d-51cd-4578-b567-9dc7dcdf3e95, Sat Mar 29 2025 12:00:00 GMT-0600 (Mountain Daylight Time), Known, -, -, -105.5886119, 39.9783202, -, 1, <TL, -, WL, N, -, R1, D1, -, Front Range, -, -, -, -, approved, -, -, -, -, -, -, -, -, -
85cd9bc2-e8d4-4de8-b7b6-941a00d74c60, Sat Mar 29 2025 12:00:00 GMT-0600 (Mountain Daylight Time), Known, -, -, -105.9011928, 40.5139656, -, 1, TL, NE, WL, AS, -, R1, D1, -, Front Range, The Gash, -, -, -, approved, -, -, -, -, -, -, -, -, -
5b4faa15-3191-4d2a-a733-a10f9a35f231, Sat Mar 29 2025 12:00:00 GMT-0600 (Mountain Daylight Time), Estimated, -, -, -105.8891785, 39.7735978, -, 1, >TL, E, SS, AS, -, R1, D1.5, -, Front Range, -, -, -, -, approved, -, -, -, -, -, -, -, -, -
a57465ed-f10c-4b0b-be06-3aa5cdd038cf, Sat Mar 29 2025 12:00:00 GMT-0600 (Mountain Daylight Time), Known, -, -, -105.6765806, 39.8960554, -, 1, TL, NE, SS, AS, c, R1, D1, -, Front Range, -, -, -, -, approved, -, -, -, -, -, -, -, -, -
04718f65-6dcd-49c8-b5cd-f40b67c7e85f, Sat Mar 29 2025 12:00:00 GMT-0600 (Mountain Daylight Time), Estimated, -, -, -105.7876136, 39.8072472, -, 1, TL, NE, SS, AS, c, R1, D1, -, Front Range, -, -, -, -, approved, -, -, -, -, -, -, -, -, -
b47ce85d-69e4-4f2a-a138-534338d10238, Sat Mar 29 2025 12:00:00 GMT-0600 (Mountain Daylight Time), Estimated, -, -, -105.6621479, 40.3046179, -, 1, >TL, E, WL, AS, -, R1, D1, -, Front Range, -, -, -, -, approved, -, -, -, -, -, -, -, -, -
04718f65-6dcd-49c8-b5cd-f40b67c7e85f, Sat Mar 29 2025 12:00:00 GMT-0600 (Mountain Daylight Time), Estimated, -, -, -105.7876136, 39.8072472, -, 1, >TL, NE, SS, AS, y, R1, D1, -, Front Range, -, -, -, -, approved, -, -, -, -, -, -, -, -, -
cd3dc6dc-4681-4785-a174-78e57f75f1a5, Sat Mar 29 2025 12:00:00 GMT-0600 (Mountain Daylight Time), Known, -, -, -105.6729834, 40.3065367, -, 1, >TL, N, SS, N, -, R1, D1, -, Front Range, -, -, -, -, approved, -, -, -, -, -, -, -, -, -
2955d281-07b0-4fc1-ab4c-9e8d9cdbb169, Sat Mar 29 2025 12:00:00 GMT-0600 (Mountain Daylight Time), Estimated, -, -, -105.8925128, 40.5208158, -, 1, <TL, NW, SS, N, -, R1, D1, -, Front Range, -,   , -, -, approved, -, -, -, -, -, -, -, -, -
cd3dc6dc-4681-4785-a174-78e57f75f1a5, Sat Mar 29 2025 12:00:00 GMT-0600 (Mountain Daylight Time), Known, -, -, -105.6729834, 40.3065367, -, 1, >TL, SE, WL, N, -, R1, D1, -, Front Range, -, -, -, -, approved, -, -, -, -, -, -, -, -, -
2955d281-07b0-4fc1-ab4c-9e8d9cdbb169, Sat Mar 29 2025 12:00:00 GMT-0600 (Mountain Daylight Time), Estimated, -, -, -105.8925128, 40.5208158, -, 1, TL, NE, WL, N, -, R2, D1, -, Front Range, -,   , -, -, approved, -, -, -, -, -, -, -, -, -
2955d281-07b0-4fc1-ab4c-9e8d9cdbb169, Sat Mar 29 2025 12:00:00 GMT-0600 (Mountain Daylight Time), Known, -, -, -105.8925128, 40.5208158, -, 1, TL, NE, WL, AS, c, R2, D1, -, Front Range, NW Ridge Seven Utes Mountain - Location: 40.482628 -105.940886 | 10891 ft | 12:15 PM,   , -, -, approved, -, -, -, -, -, -, -, -, -
586b0ca7-4c76-436b-b269-3d5d69dde516, Thu Mar 27 2025 12:00:00 GMT-0600 (Mountain Daylight Time), Estimated, -, -, -105.7144551, 39.6697532, -, 1, TL, N, WS, N, -, R2, D2, -, Front Range, -, -, -, -, approved, -, -, -, -, -, -, -, -, -
8910161b-f55f-4f26-9a0d-ff11e56bce9e, Sun Mar 23 2025 12:00:00 GMT-0600 (Mountain Daylight Time), Known, -, -, -105.6165114, 39.9496082, -, 1, <TL, NE, SS, AS, c, R1, D1, -, Front Range, The Nose, Left Chute Right Chute and the Nose all slid on ski cuts. , -, -, approved, -, -, -, -, -, -, -, -, -
6f9b4849-6190-4e94-b359-c59fa02524cb, Sun Mar 23 2025 12:00:00 GMT-0600 (Mountain Daylight Time), Estimated, -, -, -105.7805488, 39.8009099, -, 1, TL, E, SS, AS, r, R2, D1.5, -, Front Range, -, -, -, -, approved, -, -, -, -, -, -, -, -, -
96d621a5-170f-4480-bd94-b7196b7a7759, Sun Mar 23 2025 12:00:00 GMT-0600 (Mountain Daylight Time), Estimated, -, -, -105.87796, 39.7863221, -, 1, >TL, N, SS, AR, u, R2, D1.5, true, Front Range, -, -, -, -, approved, -, -, -, -, -, -, -, -, -
155df625-f8ac-4ab8-aabb-01ab1191ab40, Sun Mar 23 2025 12:00:00 GMT-0600 (Mountain Daylight Time), Estimated, -, -, -105.8746475, 39.7843414, -, 1, >TL, SE, HS, N, -, R1, D1, -, Front Range, -, A wind slab avalanche observed from the ridgeline of Guide Peak. We suspect this slide is several days old and occurred during recent high winds. , -, -, approved, -, -, -, -, -, -, -, -, -
8910161b-f55f-4f26-9a0d-ff11e56bce9e, Sun Mar 23 2025 12:00:00 GMT-0600 (Mountain Daylight Time), Known, -, -, -105.6165114, 39.9496082, -, 2, <TL, N, SS, AS, c, R1, D1.5, -, Front Range, Left and Right Chute, Left Chute Right Chute and the Nose all slid on ski cuts. , -, -, approved, -, -, -, -, -, -, -, -, -
064b9d8f-70d0-4046-baf6-14139ee9a005, Sun Mar 23 2025 12:00:00 GMT-0600 (Mountain Daylight Time), Estimated, -, -, -105.7880824, 39.8223139, -, 1, >TL, E, -, N, -, R1, D1.5, -, Front Range, -, -, -, -, approved, -, -, -, -, -, -, -, -, -
20f0158b-5c1a-46d1-ae49-226eb38ce87c, Sun Mar 23 2025 12:00:00 GMT-0600 (Mountain Daylight Time), Estimated, -, -, -105.8173289, 39.7082153, -, 1, >TL, E, SS, N, -, R1, D1, -, Front Range, -, -, -, -, approved, -, -, -, -, -, -, -, -, -
17559b1d-1581-406d-aadf-9e54b4ce25a6, Sun Mar 23 2025 12:00:00 GMT-0600 (Mountain Daylight Time), Estimated, -, -, -105.7555247, 39.8078077, -, 1, TL, NE, -, -, -, R2, D2, -, Front Range, -, -, -, -, approved, -, -, -, -, -, -, -, -, -
308f72b5-7dd8-4eaa-9a48-eab3b62970c9, Sun Mar 23 2025 12:00:00 GMT-0600 (Mountain Daylight Time), Estimated, -, -, -105.7698806, 39.8258269, -, 1, <TL, N, SS, AS, c, R1, D1, -, Front Range, -, -, -, -, approved, -, -, -, -, -, -, -, -, -
f8575ce7-b829-4123-9dbd-3e56ca9877a6, Sun Mar 23 2025 12:00:00 GMT-0600 (Mountain Daylight Time), Known, -, -, -105.7970085, 39.8091828, -, 1, >TL, NE, SS, N, -, R1, D1, -, Front Range, -, -, -, -, approved, -, -, -, -, -, -, -, -, -
466c61a4-8b67-49de-a06b-b9a9a6ffbbcf, Sun Mar 23 2025 12:00:00 GMT-0600 (Mountain Daylight Time), Known, -, -, -105.6632466, 40.3074875, -, 1, <TL, N, SS, AS, -, R1, D1, -, Front Range, -, -, -, -, approved, -, -, -, -, -, -, -, -, -
ce9d6642-c830-4590-8281-a0746dd23b29, Sat Mar 22 2025 12:00:00 GMT-0600 (Mountain Daylight Time), Known, -, -, -105.7800904, 39.8141837, -, 1, TL, S, SS, AS, c, R1, D1, -, Front Range, Teacup Bowl, -, -, -, approved, -, -, -, -, -, -, -, -, -
3c469808-c68a-4f1b-a0c5-e6dce6687fc4, Sat Mar 22 2025 12:00:00 GMT-0600 (Mountain Daylight Time), Known, -, -, -105.7886251, 39.8208961, -, 1, >TL, NE, SS, AS, -, R2, D1.5, -, Front Range, Corner Pocket, -, -, -, approved, -, -, -, -, -, -, -, -, -
53448915-a7b4-4e26-a473-c97a7559a354, Sat Mar 22 2025 12:00:00 GMT-0600 (Mountain Daylight Time), Known, -, -, -105.7926217, 39.8061106, -, 1, TL, E, SS, AS, u, R1, D1, -, Front Range, -, -, -, -, approved, -, -, -, -, -, -, -, -, -
b0520bf4-502c-48a1-8551-cd75f213910e, Fri Mar 21 2025 12:00:00 GMT-0600 (Mountain Daylight Time), Estimated, -, -, -105.7744445, 39.8424738, -, 1, >TL, E, SS, AS, -, R1, D1, -, Front Range, -, -, -, -, approved, -, -, -, -, -, -, -, -, -
c9481707-a3be-4ba3-b7b0-01b3ad976ca1, Fri Mar 21 2025 12:00:00 GMT-0600 (Mountain Daylight Time), Estimated, -, -, -105.7404906, 39.8189163, -, 1, >TL, NW, SS, N, -, R2, D2, -, Front Range, -, -, -, -, approved, -, -, -, -, -, -, -, -, -
5fc5e68d-3a3b-424d-8499-18d3c72f34ee, Fri Mar 21 2025 12:00:00 GMT-0600 (Mountain Daylight Time), Estimated, -, -, -105.8939831, 39.6924586, -, 1, >TL, SE, SS, N, -, R1, D1, -, Front Range, -, -, -, -, approved, -, -, -, -, -, -, -, -, -
fae398d6-b5b9-4700-baca-7c51b49fe78f, Wed Mar 19 2025 12:00:00 GMT-0600 (Mountain Daylight Time), Estimated, -, -, -105.0642322, 38.8760265, -, 2, >TL, E, U, N, -, R2, D1.5, -, Front Range, Cornice above Glen Cove., -, Large chunks mid-path could be from cornice fall that triggered a Loose Dry or Wind Slab. The flanks are visible but slightly drifted in. No notable crown., U, approved, -, Unknown, -, -, -, -, -, -, -
fae398d6-b5b9-4700-baca-7c51b49fe78f, Wed Mar 19 2025 12:00:00 GMT-0600 (Mountain Daylight Time), Estimated, -, -, -105.0642322, 38.8760265, -, 1, >TL, NE, U, N, -, U, D2, -, Front Range, Near the Bottom of ""Little Pikes Couloir""., -, Viewed from ~4.5 miles away., U, approved, -, Unknown, -, -, -, -, -, -, -
f35e44f8-0c3b-4b71-afa3-96cc35a90895, Mon Mar 17 2025 12:00:00 GMT-0600 (Mountain Daylight Time), Estimated, -, -, -105.8940323, 39.6930249, -, 1, >TL, SE, SS, N, -, R1, D1.5, -, Front Range, -, -, -, -, approved, -, -, -, -, -, -, -, -, -
e2fa05ed-1d64-4bc2-946b-2ac53d2fa914, Mon Mar 17 2025 12:00:00 GMT-0600 (Mountain Daylight Time), Estimated, -, -, -105.7745228, 39.8446041, -, 2, >TL, E, SS, N, -, R1, D1.5, -, Front Range, -, -, -, -, approved, -, -, -, -, -, -, -, -, -
9449a077-931c-44b3-845a-81ef621cb00f, Mon Mar 17 2025 12:00:00 GMT-0600 (Mountain Daylight Time), Estimated, -, -, -105.7906453, 39.8280794, -, 3, >TL, E, SS, N, -, R2, D1.5, -, Front Range, -, -, -, -, approved, -, -, -, -, -, -, -, -, -
bafccfbb-9b3c-4648-9873-02b8f2d43bf0, Sun Mar 16 2025 13:00:00 GMT-0600 (Mountain Daylight Time), Known, -, -, -105.6773038, 39.8946253, -, 1, >TL, N, SS, AS, c, R1, D1, -, Front Range, -, Ski cut on the top of the rightmost chute resulted in a small wind slab avalanche. Crown was 20cm at its largest entrained a lot of snow and ran almost to the lake. When skiing both this chute and the looker left it was very easy to get dry loose to move (lots of sluff).  Noted one natural slide in the upper basin above the avalanche that Ian reported. It appeared to have started at the top of the bowl. I have one very bad photo of this I'll attach. , -, -, approved, -, -, -, -, -, -, -, cm, -
7aefd949-5ddc-459d-bf6e-0fedb43681ab, Sat Mar 15 2025 12:00:00 GMT-0600 (Mountain Daylight Time), Known, -, -, -105.6807497, 39.8949848, -, 1, TL, NE, SS, AS, c, R1, D1, -, Front Range, -, -, -, -, approved, -, -, -, -, -, -, -, -, -
300a4cc4-fc20-48b2-8dbe-fea244747951, Sat Mar 15 2025 12:00:00 GMT-0600 (Mountain Daylight Time), Estimated, -, -, -105.7873973, 39.8230138, -, 1, >TL, E, SS, N, -, R1, D1.5, -, Front Range, -, -, -, -, approved, -, -, -, -, -, -, -, -, -
5fc91718-66ad-4732-9ae1-6bae9aa5d111, Fri Mar 14 2025 12:00:00 GMT-0600 (Mountain Daylight Time), Estimated, -, -, -105.660088, 40.2988453, -, 1, TL, NE, SS, N, -, R2, D1.5, -, Front Range, Otis Peak , -, -, -, approved, -, -, -, -, -, -, -, -, -
3c913e15-3d3c-4d74-9f28-6691f76b5d5d, Wed Mar 12 2025 12:00:00 GMT-0600 (Mountain Daylight Time), Estimated, -, -, -105.8596919, 39.7551394, -, 1, >TL, E, WL, N, -, R1, D1, -, Front Range, -, -, -, -, approved, -, -, -, -, -, -, -, -, -
f7fddb0a-e3f2-4b8a-8a87-6ac372b13bd2, Wed Mar 12 2025 12:00:00 GMT-0600 (Mountain Daylight Time), Estimated, -, -, -105.8471879, 39.7172822, -, 1, >TL, E, -, U, -, R1, D1.5, -, Front Range, -, -, -, -, approved, -, -, -, -, -, -, -, -, -
65d60a83-ae07-4177-bd04-6c89f512215c, Tue Mar 11 2025 12:00:00 GMT-0600 (Mountain Daylight Time), Estimated, -, -, -105.8891785, 39.7735978, -, 1, >TL, NE, HS, AM, u, R2, D1, -, Front Range, -, -, -, -, approved, -, -, 90, ft, 200, ft, 12, in, -
384d1819-31c1-4e32-ba94-e8c87f936af8, Mon Mar 10 2025 12:00:00 GMT-0600 (Mountain Daylight Time), Estimated, -, -, -105.9020334, 40.4789712, -, 3, >TL, -, WL, N, -, R1, D1, -, Front Range, -, -, -, -, approved, -, -, -, -, -, -, -, -, -
0b3ca33e-7951-4a60-8905-370b35a83d6e, Sun Mar 09 2025 12:00:00 GMT-0600 (Mountain Daylight Time), Estimated, -, -, -105.8340136, 39.7183051, -, 1, >TL, S, WL, AS, -, R1, D1.5, -, Front Range, -, -, -, -, approved, -, -, -, -, -, -, -, -, -
8da9f54c-cfbd-4231-b7a1-94b0dd103a64, Sun Mar 09 2025 12:00:00 GMT-0600 (Mountain Daylight Time), Estimated, -, -, -105.668747, 40.309934, -, 1, <TL, E, SS, AS, c, R1, D1, -, Front Range, -, Many small test slopes below treeline triggered easily and I observed some higher slides which interestingly were well below ridgelines. , -, -, approved, -, -, -, -, -, -, -, -, -
8da9f54c-cfbd-4231-b7a1-94b0dd103a64, Sun Mar 09 2025 12:00:00 GMT-0600 (Mountain Daylight Time), Estimated, -, -, -105.668747, 40.309934, -, 2, <TL, N, SS, AS, c, R1, D1, -, Front Range, -, Many small test slopes below treeline triggered easily and I observed some higher slides which interestingly were well below ridgelines. , -, -, approved, -, -, -, -, -, -, -, -, -
8da9f54c-cfbd-4231-b7a1-94b0dd103a64, Sun Mar 09 2025 12:00:00 GMT-0600 (Mountain Daylight Time), Estimated, -, -, -105.668747, 40.309934, -, 2, >TL, E, -, N, -, R2, D1.5, -, Front Range, -, Many small test slopes below treeline triggered easily and I observed some higher slides which interestingly were well below ridgelines. , -, -, approved, -, -, -, -, -, -, -, -, -
2ffb574d-19c2-4535-b299-003f9f6de4e3, Sun Mar 09 2025 12:00:00 GMT-0600 (Mountain Daylight Time), Estimated, -, -, -105.6099385, 40.2595345, -, 1, >TL, SE, SS, N, -, R1, D1, -, Front Range, -, -, -, -, approved, -, -, -, -, -, -, -, -, -
78f78c77-2e72-4151-ab34-73647a84e8f8, Sun Mar 09 2025 12:00:00 GMT-0600 (Mountain Daylight Time), Estimated, -, -, -105.6444469, 39.9033204, -, 1, >TL, E, SS, AS, c, R1, D1, -, Front Range, -, -, -, -, approved, -, -, -, -, -, -, -, -, -
8da9f54c-cfbd-4231-b7a1-94b0dd103a64, Sun Mar 09 2025 12:00:00 GMT-0600 (Mountain Daylight Time), Estimated, -, -, -105.668747, 40.309934, -, 1, TL, NE, SS, AS, c, R1, D1, -, Front Range, -, Many small test slopes below treeline triggered easily and I observed some higher slides which interestingly were well below ridgelines. , -, -, approved, -, -, -, -, -, -, -, -, -
c709dd8b-d682-43ae-882d-a2674d264bb4, Sat Mar 08 2025 12:00:00 GMT-0700 (Mountain Standard Time), Estimated, -, -, -105.680562, 40.2882156, -, 1, >TL, E, HS, N, -, R1, D1, -, Front Range, -, -, -, -, approved, -, -, -, -, -, -, -, -, -
4a6182e4-814e-4c68-855d-6b4eafac778b, Sat Mar 08 2025 12:00:00 GMT-0700 (Mountain Standard Time), Estimated, -, -, -105.6713416, 40.3077124, -, 1, TL, N, -, -, -, R1, D1, -, Front Range, -, -, -, -, approved, -, -, -, -, -, -, -, -, -
dba4be40-7533-4277-bd50-27e373651ea0, Sat Mar 08 2025 12:00:00 GMT-0700 (Mountain Standard Time), Known, -, -, -105.6735705, 40.3113375, -, 1, >TL, SE, WL, -, -, R1, D1, -, Front Range, -, -, -, -, approved, -, -, -, -, -, -, -, -, -
d4015c7b-bffe-4cb1-b1bc-bf8fb8e88482, Sat Mar 08 2025 12:00:00 GMT-0700 (Mountain Standard Time), Estimated, -, -, -105.8799621, 40.4271324, -, 1, >TL, -, WL, N, -, R1, D1, -, Front Range, -, -, -, -, approved, -, -, -, -, -, -, -, -, -
c709dd8b-d682-43ae-882d-a2674d264bb4, Sat Mar 08 2025 12:00:00 GMT-0700 (Mountain Standard Time), Estimated, -, -, -105.680562, 40.2882156, -, 1, >TL, SE, HS, N, -, R2, D1.5, -, Front Range, -, -, -, -, approved, -, -, -, -, -, -, -, -, -
c709dd8b-d682-43ae-882d-a2674d264bb4, Sat Mar 08 2025 12:00:00 GMT-0700 (Mountain Standard Time), Estimated, -, -, -105.680562, 40.2882156, -, 2, <TL, N, HS, N, -, R1, D1.5, -, Front Range, -, -, -, -, approved, -, -, -, -, -, -, -, -, -
63cbc2a3-c034-4423-9300-66c7f4395b80, Sat Mar 08 2025 12:00:00 GMT-0700 (Mountain Standard Time), Estimated, -, -, -105.8709235, 39.7647403, -, 1, U, S, WL, -, -, -, -, -, Front Range, -, -, -, -, approved, -, -, -, -, -, -, -, -, -
4e532cc2-6846-4807-8195-19e422e7ec8d, Fri Mar 07 2025 12:00:00 GMT-0700 (Mountain Standard Time), Estimated, -, -, -105.6747574, 40.3883896, -, 1, <TL, NE, SS, AS, c, R1, D1, -, Front Range, -, -, -, -, approved, -, -, -, -, -, -, -, -, -
5a865db6-2c8b-4a93-b0cb-c017fc53b921, Fri Mar 07 2025 12:00:00 GMT-0700 (Mountain Standard Time), Estimated, -, -, -105.8957302, 39.664348, -, 1, >TL, NE, HS, N, -, R1, D1.5, -, Front Range, -, -, -, -, approved, -, -, -, -, -, -, -, -, -
b565df90-d159-4038-8a3e-2c141d5a8f8e, Fri Mar 07 2025 12:00:00 GMT-0700 (Mountain Standard Time), Known, -, -, -105.6714844, 40.3102938, -, 1, >TL, SE, SS, AS, u, R1, D1, true, Front Range, Dragontail Couloir, -, -, -, approved, -, -, 20, ft, -, -, 6, in, -
99e2eac5-189e-4da2-aaac-20fada1cbb04, Fri Mar 07 2025 12:00:00 GMT-0700 (Mountain Standard Time), Known, -, -, -105.8921682, 40.4836716, -, 1, >TL, N, SS, AF, u, R1, D1.5, -, Front Range, Grand Couloir in Paradise Basin, -, -, -, approved, -, -, -, -, -, -, -, -, -
b0f6c64e-ee70-4262-a784-eae0c20d8fa5, Fri Mar 07 2025 12:00:00 GMT-0700 (Mountain Standard Time), Estimated, -, -, -105.8916381, 39.7826806, -, 1, >TL, NE, SS, N, -, R1, D1, -, Front Range, -, -, -, -, approved, -, -, -, -, -, -, -, -, -
017a0489-de2b-400e-888c-4a49998682c9, Thu Mar 06 2025 12:00:00 GMT-0700 (Mountain Standard Time), Estimated, -, -, -105.8927777, 40.4852777, -, 1, >TL, NE, L, N, -, R1, D1.5, -, Front Range, -, -, -, -, approved, -, -, -, -, -, -, -, -, -
0fcf53d4-bdf0-46d3-9244-af417f5e609a, Thu Mar 06 2025 12:00:00 GMT-0700 (Mountain Standard Time), Known, -, -, -105.6590913, 40.3068052, -, 3, TL, NE, SS, AR, c, R1, D1, -, Front Range, -, -, -, -, approved, -, -, -, -, -, -, -, -, -
c63669cd-60ba-4b2f-87fa-a53aec7807af, Thu Mar 06 2025 12:00:00 GMT-0700 (Mountain Standard Time), Known, -, -, -105.6777353, 40.3114305, -, 1, >TL, E, SS, AS, c, R1, D1, true, Front Range, Dead Elk, -, -, -, approved, -, -, -, -, -, -, 4, in, -
017a0489-de2b-400e-888c-4a49998682c9, Thu Mar 06 2025 12:00:00 GMT-0700 (Mountain Standard Time), Estimated, -, -, -105.8927777, 40.4852777, -, 1, >TL, NE, SS, N, -, R1, D1, -, Front Range, -, -, -, -, approved, -, -, -, -, -, -, -, -, -
0fcf53d4-bdf0-46d3-9244-af417f5e609a, Thu Mar 06 2025 12:00:00 GMT-0700 (Mountain Standard Time), Known, -, -, -105.6590913, 40.3068052, -, 3, TL, N, SS, AR, c, R1, D1, -, Front Range, -, -, -, -, approved, -, -, -, -, -, -, -, -, -
017a0489-de2b-400e-888c-4a49998682c9, Thu Mar 06 2025 12:00:00 GMT-0700 (Mountain Standard Time), Estimated, -, -, -105.8927777, 40.4852777, -, 1, >TL, E, SS, N, -, R1, D1, -, Front Range, Cornice triggered., -, -, -, approved, -, -, -, -, -, -, -, -, -
3610ff5f-c703-42b9-8f1f-6d15cfd29dba, Thu Mar 06 2025 12:00:00 GMT-0700 (Mountain Standard Time), Estimated, -, -, -105.6706841, 40.3121817, -, 1, >TL, SE, SS, N, -, R2, D1.5, -, Front Range, -, TL-SSE-HS0N-R2-D1.5-Wind Slab , -, -, approved, -, -, -, -, -, -, -, -, -
0b3c70b2-86c6-4a08-948e-dd24914d8ff6, Thu Mar 06 2025 12:00:00 GMT-0700 (Mountain Standard Time), Estimated, -, -, -105.8941833, 39.6937634, -, 1, >TL, SE, SS, N, -, R2, D2, -, Front Range, -, -, -, -, approved, -, -, -, -, -, -, -, -, -
1e343c72-6044-449f-b26f-8527f71e6409, Thu Mar 06 2025 12:00:00 GMT-0700 (Mountain Standard Time), Known, -, -, -105.8925128, 40.5208158, -, 1, >TL, E, SS, AR, c, R1, D1.5, true, Front Range, North Diamond, -, -, -, approved, -, -, -, -, -, -, -, -, -
fc70c9c9-1da1-4420-8bf7-e3b7cb91cd2d, Thu Mar 06 2025 12:00:00 GMT-0700 (Mountain Standard Time), Estimated, -, -, -105.9020977, 40.5592896, -, 3, >TL, E, SS, N, -, R1, D1.5, -, Front Range, -, -, -, -, approved, -, -, -, -, -, -, -, -, -
7f784b7c-cc16-4845-9add-7bf5b13895ec, Mon Mar 03 2025 12:00:00 GMT-0700 (Mountain Standard Time), Estimated, -, -, -105.6160295, 40.2548753, -, 1, >TL, E, -, N, -, R1, D1.5, -, Front Range, -, -, -, -, approved, -, -, -, -, -, -, -, -, -
faca34b4-514d-49aa-b49e-a02dbbc6afd0, Sun Mar 02 2025 12:00:00 GMT-0700 (Mountain Standard Time), Estimated, -, -, -105.9639052, 40.3435285, -, 1, TL, NW, -, N, -, R2, D1.5, -, Front Range, -, -, -, G, approved, -, -, -, -, -, -, -, -, -
faca34b4-514d-49aa-b49e-a02dbbc6afd0, Sun Mar 02 2025 12:00:00 GMT-0700 (Mountain Standard Time), Estimated, -, -, -105.9639052, 40.3435285, -, 1, TL, W, U, N, -, R2, D2, -, Front Range, -, -, -, G, approved, -, -, -, -, -, -, -, -, -
70740cd1-6f01-4d09-8c97-f644868f47b7, Sat Mar 01 2025 12:00:00 GMT-0700 (Mountain Standard Time), Estimated, -, -, -105.6697719, 40.3033552, -, 3, -, S, WL, -, -, R1, D1, -, Front Range, -, -, -, -, approved, -, -, -, -, -, -, -, -, -
ca11281e-7e69-419f-b903-dc9167114af1, Sat Mar 01 2025 12:00:00 GMT-0700 (Mountain Standard Time), Estimated, -, -, -105.9279996, 40.4764692, -, 1, TL, NE, HS, N, -, R2, D2, -, Front Range, Lone Ranger subpeak around the Wilderness boundary. , -, -, -, approved, -, -, -, -, -, -, -, -, -
34c51f6d-4670-4187-b05f-5d89e05e426d, Fri Feb 28 2025 12:00:00 GMT-0700 (Mountain Standard Time), Estimated, -, -, -105.8125107, 39.7898718, -, 1, >TL, SE, SS, N, -, R2, D1.5, -, Front Range, -, -, -, -, approved, -, -, -, -, -, -, -, -, -
a9849321-3025-4e5a-bcff-bd038297f429, Thu Feb 27 2025 12:00:00 GMT-0700 (Mountain Standard Time), Estimated, -, -, -105.790282, 39.8123538, -, 1, >TL, E, SS, N, -, R2, D2, -, Front Range, -, -, -, -, approved, -, -, -, -, -, -, -, -, -
a9849321-3025-4e5a-bcff-bd038297f429, Thu Feb 27 2025 12:00:00 GMT-0700 (Mountain Standard Time), Estimated, -, -, -105.790282, 39.8123538, -, 1, >TL, E, SS, N, -, R1, D1.5, -, Front Range, -, -, -, -, approved, -, -, -, -, -, -, -, -, -
e4d1cc13-8e98-4488-808c-01ac70b3500c, Wed Feb 26 2025 12:00:00 GMT-0700 (Mountain Standard Time), Estimated, -, -, -105.9304138, 40.5737129, -, 1, TL, NW, HS, U, -, R3, D2, -, Front Range, -, -, -, -, approved, -, -, -, -, -, -, -, -, -
d842396f-c4f3-4cb3-94de-573767429c1d, Wed Feb 26 2025 12:00:00 GMT-0700 (Mountain Standard Time), Estimated, -, -, -105.7942365, 39.6476437, -, 1, >TL, SE, HS, N, -, R2, D2, -, Front Range, Below Kelso Ridge on Torrey's Peak, I saw two recent avalanches that were not previously coded. , -, -, approved, -, -, -, -, -, -, -, -, -
a78883d9-cc1e-42bf-bb2a-fdbbafeca726, Wed Feb 26 2025 12:00:00 GMT-0700 (Mountain Standard Time), Estimated, -, -, -105.8057116, 39.7974166, -, 1, >TL, S, HS, N, -, R2, D2, -, Front Range, -, -, -, -, approved, -, -, -, -, -, -, -, -, -
d842396f-c4f3-4cb3-94de-573767429c1d, Wed Feb 26 2025 12:00:00 GMT-0700 (Mountain Standard Time), Estimated, -, -, -105.7942365, 39.6476437, -, 1, TL, NE, HS, N, -, R2, D2, -, Front Range, Northeast-facing chute on Kelso seen from the Stevens Gulch Road, I saw two recent avalanches that were not previously coded. , -, -, approved, -, -, -, -, -, -, -, -, -
19c0c158-b352-4227-a70e-558bdc62d0d4, Tue Feb 25 2025 12:00:00 GMT-0700 (Mountain Standard Time), Estimated, -, -, -105.724746, 39.5993866, -, 1, >TL, SE, WL, N, -, R1, D1, -, Front Range, -, -, -, -, approved, -, -, -, -, -, -, -, -, -
d4d4a79b-f571-4609-b4a7-8cac9f89eaee, Tue Feb 25 2025 12:00:00 GMT-0700 (Mountain Standard Time), Estimated, -, -, -105.8690439, 39.8332199, -, 1, >TL, E, HS, N, -, R2, D2, -, Front Range, -, -, -, -, approved, -, -, -, -, -, -, -, -, -
8fa83884-1531-414f-afb6-6dd3b304d89c, Sun Feb 23 2025 12:00:00 GMT-0700 (Mountain Standard Time), Estimated, -, -, -105.6755017, 39.8977403, -, 1, TL, N, SS, AS, c, R1, D1, -, Front Range, -, I spoke with the party who intentionally triggered the small avalanche via a ski cut. They shared it broke about 10-15 feet across at the top with a 4–6-inch crown. , -, -, approved, -, -, -, -, -, -, -, -, -
01ad8e37-1a4f-4110-97ac-ca0f63502c1d, Sun Feb 23 2025 12:00:00 GMT-0700 (Mountain Standard Time), Estimated, -, -, -105.8892014, 39.661703, -, 1, >TL, NE, SS, N, -, R2, D1.5, -, Front Range, -, -, -, -, approved, -, -, -, -, -, -, -, -, -
28e2467d-3383-47c6-9a76-47b51701e883, Sun Feb 23 2025 12:00:00 GMT-0700 (Mountain Standard Time), Estimated, -, -, -105.8489417, 39.7186024, -, 1, >TL, E, HS, N, -, R2, D2, -, Front Range, -, -, -, -, approved, -, -, -, -, -, -, -, -, -
85aa91df-7bc4-4c68-9b3f-68f6932acac1, Sun Feb 23 2025 12:00:00 GMT-0700 (Mountain Standard Time), Estimated, -, -, -105.8474464, 39.4977886, -, 1, TL, SE, SS, AM, r, R2, D1.5, -, Front Range, -, -, -, -, approved, -, -, -, -, -, -, -, -, -
85aa91df-7bc4-4c68-9b3f-68f6932acac1, Sun Feb 23 2025 12:00:00 GMT-0700 (Mountain Standard Time), Estimated, -, -, -105.8474464, 39.4977886, -, 2, TL, W, SS, U, -, R1, D1.5, -, Front Range, -, -, -, -, approved, -, -, -, -, -, -, -, -, -
f3e95c63-d874-4361-84ee-0b082c4714f3, Sun Feb 23 2025 12:00:00 GMT-0700 (Mountain Standard Time), Estimated, -, -, -105.830783, 39.744173, -, 1, >TL, NE, HS, N, -, R2, D2, -, Front Range, -, North Face of Woods Mountain Above Urad Lake, -, -, approved, -, -, -, -, -, -, -, -, -
f3e95c63-d874-4361-84ee-0b082c4714f3, Sun Feb 23 2025 06:00:00 GMT-0700 (Mountain Standard Time), Estimated, -, -, -105.830783, 39.744173, -, 1, >TL, S, SS, N, -, R2, D1.5, -, Front Range, -, North Face of Woods Mountain Above Urad Lake, -, -, approved, -, -, -, -, -, -, -, -, -
444c239e-7049-489b-84d0-d8d22b6ff7a4, Sat Feb 22 2025 16:45:00 GMT-0700 (Mountain Standard Time), Estimated, -, -, -105.7725584, 39.8004776, -, 1, <TL, NW, HS, AR, u, R3, D2.5, true, Front Range, -, This avalanche was triggered by a solo powsurfer a rider on a snowboard with no bindings on Colorado Mines Peak (Mines Peak) east of Berthoud Pass in an area locally known as High Trail Cliffs. High Trail Cliffs is a series of four steep rocky northwest-facing avalanche paths that are easily accessed from the parking area at the top of the pass. It was a hard slab avalanche. The avalanche was medium-sized relative to the path and destructive enough to injure bury or kill a person. It released on a weak layer of buried faceted crystals and stepped down to the ground entraining the entire season’s snowpack (HS-ARu-R3-D2-G). The crown face averaged about 2 feet deep and was about 550 feet wide across all four of the avalanche paths in the High Trail Cliffs. The avalanche ran about 525 vertical feet through sparse trees and rocky terrain. The avalanche broke small trees and the debris and broken limbs piled up on a bench below the slope. Debris was over 7 feet deep in places. Portions of the debris reached the historic maximum trimline of the avalanche path., -, G, approved, -, Layer, 550, ft, 400, ft, 24, in, -
7786b44c-3b55-4592-85b8-72e7dd3e96ac, Sat Feb 22 2025 16:30:00 GMT-0700 (Mountain Standard Time), Estimated, -, -, -105.7725584, 39.8004776, -, 1, <TL, NW, HS, AR, u, R3, D2.5, true, Front Range, -, -, -, -, approved, -, -, -, -, -, -, -, -, -
ba6f22be-8bd7-4e90-83a4-0774160bb98c, Sat Feb 22 2025 14:00:00 GMT-0700 (Mountain Standard Time), Estimated, -, -, -105.8002862, 39.6588759, -, 1, >TL, E, -, N, -, R3, D2.5, -, Front Range, Kelso Mountain, -, -, -, approved, -, -, -, -, -, -, -, -, -
222b1e0c-e22d-40d8-ae1b-5414ee33beb9, Sat Feb 22 2025 12:00:00 GMT-0700 (Mountain Standard Time), Estimated, -, -, -105.8512907, 39.7212568, -, 1, <TL, -, WL, -, -, R1, D1, -, Front Range, -, -, -, -, approved, -, -, -, -, -, -, -, -, -
0ab6cc8d-2cf9-430a-ad6d-604fbab43473, Sat Feb 22 2025 12:00:00 GMT-0700 (Mountain Standard Time), Known, -, -, -105.6633663, 39.9425438, -, 1, >TL, N, HS, AS, u, R1, D1, true, Front Range, -, We were attempting to circumnavigate a more obviously threatening gully beneath us so we doubled back and over it travelling beneath the eventual slide path. We decided to cross it one at a time. I hadn't taken two steps before the slope slid—it broke ahead of and above me. Fortunately I was on the margins of the slide. Debris moved around my legs but did not dislodge me from the slope and I was able to backtrack out of it safely., -, -, approved, -, -, -, -, -, -, -, -, -
c5fbf621-b70e-4d0b-b5b4-a695c02f0ebf, Sat Feb 22 2025 12:00:00 GMT-0700 (Mountain Standard Time), Known, -, -, -105.6972026, 39.8825346, -, 1, >TL, SE, SS, N, -, R2, D2, -, Front Range, -, -, -, -, approved, -, -, -, -, -, -, -, -, -
76922810-b2ce-40d2-abe6-323d51916fcd, Sat Feb 22 2025 12:00:00 GMT-0700 (Mountain Standard Time), Estimated, -, -, -105.9949551, 39.374393, -, 1, TL, E, -, N, -, R2, D2, -, Front Range, -, -, -, -, approved, -, -, -, -, -, -, -, -, -
04182cc5-934f-473a-b96f-dea578462ce6, Sat Feb 22 2025 12:00:00 GMT-0700 (Mountain Standard Time), Known, -, -, -105.6819457, 39.9075195, -, 1, >TL, -, SS, AS, u, R1, D1, -, Front Range, -, -, -, -, approved, -, -, -, -, -, -, -, -, -
7a2375ad-a564-4c36-a7a3-66bed7766dc9, Sat Feb 22 2025 12:00:00 GMT-0700 (Mountain Standard Time), Estimated, -, -, -105.9061874, 40.5248384, -, 1, TL, E, SS, -, -, R1, D1, -, Front Range, -, -, -, -, approved, -, -, -, -, -, -, -, -, -
6ee6aa8d-d320-4551-8208-c493e77527a7, Sat Feb 22 2025 12:00:00 GMT-0700 (Mountain Standard Time), Known, -, -, -105.9945904, 40.2728436, -, 1, TL, E, HS, AM, -, R3, D2, true, Front Range, -, -, -, O, approved, -, -, -, -, -, -, -, -, -
9770c8bb-5294-4f67-be29-c7913fa285d5, Fri Feb 21 2025 12:00:00 GMT-0700 (Mountain Standard Time), Known, -, -, -105.6469345, 39.8359623, -, 2, TL, E, L, N, -, R1, D1.5, -, Front Range, -, -, -, -, approved, -, -, -, -, -, -, -, -, -
531a91d6-e550-42ad-a7aa-b18bddb4e047, Fri Feb 21 2025 12:00:00 GMT-0700 (Mountain Standard Time), Estimated, -, -, -105.7133381, 39.8380427, -, 1, TL, N, -, N, -, R2, D2, -, Front Range, -, -, -, -, approved, -, -, -, -, -, -, -, -, -
9770c8bb-5294-4f67-be29-c7913fa285d5, Fri Feb 21 2025 12:00:00 GMT-0700 (Mountain Standard Time), Estimated, -, -, -105.6469345, 39.8359623, -, 1, TL, E, SS, N, -, R1, D1, -, Front Range, -, -, -, -, approved, -, -, -, -, -, -, -, -, -
07695029-dfaa-472e-8dfe-e00b5fb5cc5e, Fri Feb 21 2025 12:00:00 GMT-0700 (Mountain Standard Time), Estimated, -, -, -105.6719595, 39.9085522, -, 2, >TL, N, SS, N, -, R1, D1, -, Front Range, Arapahoe Lakes, -, -, -, approved, -, -, -, -, -, -, -, -, -
df63c96a-49b3-4757-bf01-73c7ffb8edc6, Fri Feb 21 2025 12:00:00 GMT-0700 (Mountain Standard Time), Estimated, -, -, -105.7868556, 39.8226963, -, 3, >TL, N, SS, N, -, R2, D2, -, Front Range, Second Creek Headwall, -, -, -, approved, -, -, -, -, -, -, -, -, -
a95c1ec2-e853-4365-9922-21813ab60c07, Fri Feb 21 2025 12:00:00 GMT-0700 (Mountain Standard Time), Estimated, -, -, -105.7333758, 39.8310179, -, 1, TL, N, U, N, -, R3, D2.5, -, Front Range, -, -, -, -, approved, -, -, -, -, -, -, -, -, -
b781694e-e98f-44fc-bdbc-65163f12688d, Fri Feb 21 2025 12:00:00 GMT-0700 (Mountain Standard Time), Estimated, -, -, -105.6709024, 40.3097163, -, 3, TL, -, WL, N, -, R1, D1, -, Front Range, -, -, -, -, approved, -, -, -, -, -, -, -, -, -
531a91d6-e550-42ad-a7aa-b18bddb4e047, Fri Feb 21 2025 12:00:00 GMT-0700 (Mountain Standard Time), Estimated, -, -, -105.7133381, 39.8380427, -, 2, >TL, NW, -, N, -, R1, D1.5, -, Front Range, -, -, -, -, approved, -, -, -, -, -, -, -, -, -
222b1e0c-e22d-40d8-ae1b-5414ee33beb9, Fri Feb 21 2025 12:00:00 GMT-0700 (Mountain Standard Time), Estimated, -, -, -105.8512907, 39.7212568, -, 1, TL, W, SS, -, -, R1, D1.5, -, Front Range, -, -, -, -, approved, -, -, -, -, -, -, -, -, -
84d1837e-505c-4c53-b32a-7678c0c4fcbf, Thu Feb 20 2025 12:00:00 GMT-0700 (Mountain Standard Time), Estimated, -, -, -105.8939212, 39.6619021, -, 1, >TL, SE, SS, N, -, R1, D1.5, -, Front Range, -, -, -, -, approved, -, -, -, -, -, -, -, -, -
f873e8ea-6015-47f9-a767-23723a36ff54, Thu Feb 20 2025 12:00:00 GMT-0700 (Mountain Standard Time), Estimated, -, -, -105.8858055, 39.7690023, -, 1, >TL, N, SS, AK, -, R3, D2, -, Front Range, -, -, -, -, approved, -, -, -, -, -, -, -, -, -
b328512f-e84c-4026-8bca-74c80d4ab36b, Thu Feb 20 2025 12:00:00 GMT-0700 (Mountain Standard Time), Estimated, -, -, -105.901679, 39.7787516, -, 1, >TL, SE, SS, N, -, R3, D2, -, Front Range, -, -, -, -, approved, -, -, -, -, -, -, -, -, -
e8254559-469b-4f65-becc-a345be8d9f15, Thu Feb 20 2025 12:00:00 GMT-0700 (Mountain Standard Time), Estimated, -, -, -105.6871174, 39.8747201, -, 1, TL, N, -, U, -, R2, D1.5, -, Front Range, -, -, -, -, approved, -, -, -, -, -, -, -, -, -
5117d10c-d184-4282-9df9-b97c9406316c, Wed Feb 19 2025 12:00:00 GMT-0700 (Mountain Standard Time), Estimated, -, -, -105.6591235, 40.3093187, -, 1, <TL, NE, SS, AS, c, R1, D1, -, Front Range, -, We only saw debris from one avalanche reported during the storm that was almost completely filled back in. I think if anything else ran it would have been filled in by wind and snow. , -, I, approved, -, -, -, -, -, -, -, -, -
79362ded-d025-41c4-99d3-ce340c947cfa, Wed Feb 19 2025 12:00:00 GMT-0700 (Mountain Standard Time), Estimated, -, -, -105.7079132, 39.9065601, -, 1, <TL, N, L, N, -, R1, D1, -, Front Range, The Treasle, Small Loose Dry avalanches on steep north and northeast-facing slopes below treeline., -, -, approved, -, -, -, -, -, -, -, -, -
5117d10c-d184-4282-9df9-b97c9406316c, Wed Feb 19 2025 12:00:00 GMT-0700 (Mountain Standard Time), Estimated, -, -, -105.6591235, 40.3093187, -, 1, <TL, N, SS, AC, -, R1, D1, -, Front Range, -, We only saw debris from one avalanche reported during the storm that was almost completely filled back in. I think if anything else ran it would have been filled in by wind and snow. , -, -, approved, -, -, -, -, -, -, -, -, -
79362ded-d025-41c4-99d3-ce340c947cfa, Wed Feb 19 2025 12:00:00 GMT-0700 (Mountain Standard Time), Estimated, -, -, -105.7079132, 39.9065601, -, 1, <TL, NE, L, N, -, R1, D1.5, -, Front Range, The Treasle , Small Loose Dry avalanches on steep north and northeast-facing slopes below treeline., -, -, approved, -, -, -, -, -, -, -, -, -
5117d10c-d184-4282-9df9-b97c9406316c, Wed Feb 19 2025 12:00:00 GMT-0700 (Mountain Standard Time), Estimated, -, -, -105.6591235, 40.3093187, -, 1, <TL, N, SS, AS, c, R1, D1, -, Front Range, -, We only saw debris from one avalanche reported during the storm that was almost completely filled back in. I think if anything else ran it would have been filled in by wind and snow. , -, I, approved, -, -, -, -, -, -, -, -, -
7c208c22-d215-4970-bdb8-939070bb6712, Tue Feb 18 2025 12:00:00 GMT-0700 (Mountain Standard Time), Estimated, -, -, -105.7777849, 39.7983203, -, 1, TL, SE, SS, N, -, R2, D2, -, Front Range, Rock garden beneath perfect trees in current creek, -, -, I, approved, -, -, -, -, -, -, -, -, -
61e7ea7f-d396-4de2-bdba-9b526561accf, Mon Feb 17 2025 16:30:00 GMT-0700 (Mountain Standard Time), Estimated, -, -, -105.668747, 40.309934, -, 1, >TL, SE, SS, N, -, R1, D1, -, Front Range, -, Upper Dragon's tail 10600ft SE, -, -, approved, -, -, -, -, -, -, -, -, -
f114fcde-acf6-4a82-b59d-a72918188aab, Sun Feb 16 2025 12:00:00 GMT-0700 (Mountain Standard Time), Estimated, -, -, -105.7777849, 39.7983203, -, 1, <TL, SE, SS, AS, y, R1, D1, -, Front Range, -, -, -, -, approved, -, -, -, -, -, -, -, -, -
7d0fd235-ccc6-48b4-a249-2a9655822526, Sun Feb 16 2025 12:00:00 GMT-0700 (Mountain Standard Time), Estimated, -, -, -105.8906792, 40.5936474, -, 2, <TL, N, SS, AS, r, R1, D1, -, Front Range, -, -, -, -, approved, -, -, -, -, -, -, -, -, -
9770c8bb-5294-4f67-be29-c7913fa285d5, Sun Feb 16 2025 12:00:00 GMT-0700 (Mountain Standard Time), Estimated, -, -, -105.6469345, 39.8359623, -, 1, TL, S, SS, N, -, R1, D1, -, Front Range, -, -, -, -, approved, -, -, -, -, -, -, -, -, -
92e81ba0-1109-4c48-9bb0-101bbb30e9e9, Sun Feb 16 2025 12:00:00 GMT-0700 (Mountain Standard Time), Estimated, -, -, -105.8781587, 39.7976264, -, 1, >TL, NE, SS, AS, r, R1, D1.5, -, Front Range, Jones Pass West Fork area, -, -, -, approved, -, -, -, -, -, -, -, -, -
a8d1c0ea-5100-4ec6-978e-f525027c7fd2, Sun Feb 16 2025 12:00:00 GMT-0700 (Mountain Standard Time), Estimated, -, -, -105.9082494, 40.5492167, -, 3, >TL, E, -, N, -, R1, D1, -, Front Range, -, -, -, -, approved, -, -, -, -, -, -, -, -, -
988805d1-ed15-4010-bb61-2c01fe672074, Sun Feb 16 2025 12:00:00 GMT-0700 (Mountain Standard Time), Estimated, -, -, -105.7803043, 39.8140715, -, 1, TL, SE, SS, AS, r, R1, D1, -, Front Range, Tea Cup Bowl Current Creek, -, -, -, approved, -, -, -, -, -, -, -, -, -
c3d74597-701e-4d40-a067-de005c4a519c, Sun Feb 16 2025 12:00:00 GMT-0700 (Mountain Standard Time), Estimated, -, -, -105.7834146, 39.8269791, -, 1, >TL, E, SS, N, -, R2, D1.5, -, Front Range, Second Creek Headwall, Second Creek Headwall , -, -, approved, -, -, -, -, -, -, -, -, -
f114fcde-acf6-4a82-b59d-a72918188aab, Sun Feb 16 2025 12:00:00 GMT-0700 (Mountain Standard Time), Estimated, -, -, -105.7777849, 39.7983203, -, 1, <TL, SE, SS, AS, -, R2, D1.5, -, Front Range, -, -, -, -, approved, -, -, -, -, -, -, -, -, -
f6017f34-1fb2-43ec-ab28-63a4ebe55656, Sat Feb 15 2025 12:00:00 GMT-0700 (Mountain Standard Time), Estimated, -, -, -105.77732, 39.8144163, -, 1, <TL, E, -, AS, -, R1, D1, -, Front Range, -, -, -, -, approved, -, -, -, -, -, -, -, -, -
d78cd394-99cd-4214-8e27-98337de17355, Sat Feb 15 2025 11:00:00 GMT-0700 (Mountain Standard Time), Known, -, -, -105.616925, 39.9476706, -, 1, <TL, N, SS, AS, c, R1, D1, -, Front Range, -, -, -, -, approved, -, -, -, -, -, -, -, -, -
2e9e9aad-9654-465c-8556-6a93abc97850, Fri Feb 14 2025 19:15:00 GMT-0700 (Mountain Standard Time), Known, -, -, -105.8877398, 39.6765714, -, 1, TL, N, HS, N, -, R2, D2, true, Front Range, Seven Sister 6, -, -, -, approved, -, -, -, -, -, -, -, -, BP
abae2c25-ae2c-47a6-8558-696228be2faf, Thu Feb 13 2025 12:00:00 GMT-0700 (Mountain Standard Time), Estimated, -, -, -105.9351895, 40.4800269, -, 1, >TL, N, HS, N, -, R4, D3, -, Front Range, -, 20250213 Seven Utes Mtn 11400' N - HS-N-R4-D3.  600' wide x 700' track., -, -, approved, -, -, -, -, -, -, -, -, -
a64d73ca-69bd-4063-88ac-0c2b27acb13e, Thu Feb 13 2025 12:00:00 GMT-0700 (Mountain Standard Time), Estimated, -, -, -105.679386, 39.8942, -, 1, >TL, E, L, N, -, R1, D1, -, Front Range, -, -, -, -, approved, -, -, -, -, -, -, -, -, -
a64d73ca-69bd-4063-88ac-0c2b27acb13e, Wed Feb 12 2025 12:00:00 GMT-0700 (Mountain Standard Time), Estimated, -, -, -105.679386, 39.8942, -, 1, >TL, E, -, N, -, R1, D1.5, -, Front Range, -, -, -, -, approved, -, -, -, -, -, -, -, -, -
8df3a84d-aa69-4d98-8553-6ddd262c0ae8, Mon Feb 10 2025 12:00:00 GMT-0700 (Mountain Standard Time), Estimated, -, -, -105.7922139, 39.7939699, -, 3, >TL, E, U, N, -, R1, D1.5, -, Front Range, Stanley Headwall, -, Too blown in to tell if they were slabs or not., S, approved, -, -, -, -, -, -, -, -, TP
4a99df35-3378-4a64-a2f1-15fb755c37c5, Mon Feb 10 2025 12:00:00 GMT-0700 (Mountain Standard Time), Estimated, -, -, -105.8891785, 39.7735978, -, 1, >TL, SE, -, N, -, R1, D1, -, Front Range, -, -, -, -, approved, -, -, -, -, -, -, -, -, -
a316eab9-11a8-4238-93b1-aaceb0dfd8c9, Sun Feb 09 2025 12:00:00 GMT-0700 (Mountain Standard Time), Estimated, -, -, -105.7945618, 39.803174, -, 1, >TL, NE, SS, AS, u, R1, D1, true, Front Range, -, -, -, -, approved, -, -, -, -, -, -, -, -, -
34acf872-59a4-4f47-aadf-95fa1f2d21ff, Sat Feb 08 2025 12:00:00 GMT-0700 (Mountain Standard Time), Estimated, -, -, -105.9125788, 40.4874972, -, 1, >TL, E, HS, AS, r, R3, D2.5, -, Front Range, -, -, -, -, approved, -, -, -, -, -, -, -, -, -
80530b37-fdf9-451e-9080-7029c4eb2c0b, Sat Feb 08 2025 11:00:00 GMT-0700 (Mountain Standard Time), Estimated, -, -, -105.7777849, 39.7983203, -, 1, >TL, NE, HS, AS, u, R2, D1.5, true, Front Range, Corner Pocket Second Creek Berthoud Pass, -, -, G, approved, -, -, -, -, -, -, -, -, -
6a5f77d7-8dd0-4147-a463-4a4b00c0e481, Thu Feb 06 2025 12:00:00 GMT-0700 (Mountain Standard Time), Estimated, -, -, -105.6779975, 39.8961449, -, 2, TL, E, HS, AS, c, -, D1.5, -, Front Range, -, Crater Lakes Couloirs , -, -, approved, -, -, -, -, -, -, -, -, -
8228fa90-e0a0-4eda-8c64-36db9c1f1b78, Tue Feb 04 2025 12:00:00 GMT-0700 (Mountain Standard Time), Estimated, -, -, -106.0717576, 40.2098035, -, 1, <TL, E, HS, N, -, R2, D1.5, -, Front Range, -, -, -, -, approved, -, -, -, -, -, -, -, -, -
8228fa90-e0a0-4eda-8c64-36db9c1f1b78, Tue Feb 04 2025 12:00:00 GMT-0700 (Mountain Standard Time), Estimated, -, -, -106.0717576, 40.2098035, -, 1, <TL, SE, HS, N, -, R2, D1.5, -, Front Range, -, -, -, -, approved, -, -, -, -, -, -, -, -, -
64b113bb-5294-4767-a0d6-20d8c28e4a26, Sun Feb 02 2025 12:00:00 GMT-0700 (Mountain Standard Time), Estimated, -, -, -105.7921096, 39.8078014, -, 1, TL, NE, SS, N, -, -, D1, -, Front Range, -, -, -, -, approved, -, -, -, -, -, -, -, -, -
5348d8da-749d-4aba-869d-58f8830213b0, Sun Feb 02 2025 12:00:00 GMT-0700 (Mountain Standard Time), Estimated, -, -, -105.668747, 40.309934, -, 1, <TL, SE, L, N, -, R1, D1, -, Front Range, -, -, -, -, approved, -, -, -, -, -, -, -, -, -
bd95061a-0330-4baa-a5e0-459ecf8c9136, Sat Feb 01 2025 12:00:00 GMT-0700 (Mountain Standard Time), Estimated, -, -, -105.8925128, 40.5208158, -, 1, TL, N, SS, AS, -, R1, D1, -, Front Range, -, -, -, -, approved, -, -, -, -, -, -, -, -, -
d8df4129-837c-468a-ac23-09966dd6bc58, Fri Jan 31 2025 12:00:00 GMT-0700 (Mountain Standard Time), Estimated, -, -, -105.0773674, 38.8706977, -, 1, >TL, E, SS, N, -, R2, D1.5, -, Front Range, -, -, -, -, approved, -, -, -, -, -, -, -, -, -
7fbea055-c03b-470a-8114-0d848f9f7d74, Thu Jan 30 2025 12:00:00 GMT-0700 (Mountain Standard Time), Estimated, -, -, -106.056074, 40.2233354, -, 2, <TL, E, SS, N, -, R1, D1.5, -, Front Range, -, Several natural avalanches ran along ridgelines in the Troublesome Burn Scar., -, -, approved, -, -, -, -, -, -, -, -, -
9b11587b-8976-4de1-add8-017280789824, Wed Jan 29 2025 12:00:00 GMT-0700 (Mountain Standard Time), Estimated, -, -, -105.7259888, 39.5974025, -, 1, <TL, NE, HS, U, -, R1, -, -, Front Range, -, I noticed two avalanches in the same area on northeast facing terrain below tree line. One was quite small (less than a D1) and either triggered by wind or the squirrel tracks I saw nearby. The other appeared to an old wind slab avalanche. , -, -, approved, -, -, -, -, -, -, -, -, -
07507eb7-0387-47f4-8a06-f8f6e4a7b68c, Wed Jan 29 2025 12:00:00 GMT-0700 (Mountain Standard Time), Estimated, -, -, -105.9620603, 40.3701909, -, 1, >TL, N, SS, N, -, R1, D1, -, Front Range, Never Summers, -, -, -, approved, -, -, -, -, -, -, -, -, -
d7cc2dca-38cb-481f-bda8-43ef816320bb, Tue Jan 28 2025 12:00:00 GMT-0700 (Mountain Standard Time), Estimated, -, -, -105.9291585, 39.7349582, -, 1, >TL, E, SS, N, -, R2, D2, -, Front Range, -, -, -, -, approved, -, -, -, -, -, -, -, -, -
61227cd4-47d7-44a8-ac8f-e812d2bc9deb, Mon Jan 27 2025 12:00:00 GMT-0700 (Mountain Standard Time), Estimated, -, -, -105.901416, 39.7776969, -, 2, >TL, SE, SS, N, -, R1, D1, -, Front Range, -, -, -, -, approved, -, -, -, -, -, -, -, -, -
61227cd4-47d7-44a8-ac8f-e812d2bc9deb, Mon Jan 27 2025 12:00:00 GMT-0700 (Mountain Standard Time), Estimated, -, -, -105.901416, 39.7776969, -, 1, >TL, NE, SS, N, -, R1, D1, -, Front Range, -, -, -, -, approved, -, -, -, -, -, -, -, -, -
4d9d64a9-c91d-4a25-8b12-a8ff849004bf, Mon Jan 27 2025 12:00:00 GMT-0700 (Mountain Standard Time), Known, -, -, -105.7777849, 39.7983203, -, 1, TL, E, SS, U, -, R1, D1.5, -, Front Range, -, -, -, -, approved, -, -, -, -, -, -, -, -, -
76c06755-f84b-4567-8b89-84d0e5390122, Mon Jan 27 2025 12:00:00 GMT-0700 (Mountain Standard Time), Estimated, -, -, -105.946939, 39.7552029, -, 1, >TL, SE, SS, N, -, R1, D1.5, -, Front Range, -, -, -, -, approved, -, -, -, -, -, -, -, -, -
61227cd4-47d7-44a8-ac8f-e812d2bc9deb, Mon Jan 27 2025 12:00:00 GMT-0700 (Mountain Standard Time), Estimated, -, -, -105.901416, 39.7776969, -, 1, >TL, SE, SS, N, -, R1, D1.5, -, Front Range, Back side of Jones Pass / William's Fork Area, -, -, -, approved, -, -, -, -, -, -, -, -, -
fb8f4b52-8535-4411-bc15-2605ebf6bdcd, Sun Jan 26 2025 12:00:00 GMT-0700 (Mountain Standard Time), Known, -, -, -105.6733241, 39.9119412, -, 1, TL, SE, SS, AS, r, R1, D1, -, Front Range, -, -, -, -, approved, -, -, -, -, -, -, -, -, -
11790a83-afa7-45fd-addb-0f0d06af5e1c, Sun Jan 26 2025 12:00:00 GMT-0700 (Mountain Standard Time), Estimated, -, -, -105.8733564, 40.5241411, -, 1, TL, NE, -, U, -, -, -, -, Front Range, -, -, -, -, approved, -, -, -, -, -, -, -, -, -
873a85dd-3e61-4469-87df-caef621e030b, Sun Jan 26 2025 12:00:00 GMT-0700 (Mountain Standard Time), Estimated, -, -, -105.656455, 40.3055166, -, 1, <TL, NE, L, N, -, R1, D1, -, Front Range, -, -, -, -, approved, -, -, -, -, -, -, -, -, -
9b11587b-8976-4de1-add8-017280789824, Sun Jan 26 2025 12:00:00 GMT-0700 (Mountain Standard Time), Estimated, -, -, -105.7259888, 39.5974025, -, 2, <TL, NE, HS, N, -, -, D1, -, Front Range, -, I noticed two avalanches in the same area on northeast facing terrain below tree line. One was quite small (less than a D1) and either triggered by wind or the squirrel tracks I saw nearby. The other appeared to an old wind slab avalanche. , -, -, approved, -, -, -, -, -, -, -, -, -
003dd006-3d09-4090-8045-8d89f40c7bdf, Sun Jan 26 2025 12:00:00 GMT-0700 (Mountain Standard Time), Estimated, -, -, -105.8917435, 40.5108886, -, 1, <TL, W, SS, AS, r, R1, D1, -, Front Range, -, West aspect 10500ft location: 40.51108092977201 -105.89072378937213  This slide occurred well below treeline. , -, -, approved, -, -, -, -, -, -, -, -, -
f33d5c7d-0086-4eec-8554-428d1c6797bc, Sat Jan 25 2025 12:27:00 GMT-0700 (Mountain Standard Time), Known, -, -, -105.7790511, 39.8140558, -, 1, <TL, SE, HS, AR, u, R2, D1.5, true, Front Range, -, Observers noted the avalanche was on a ""Cross loaded SE aspect. 11100 ft elevation. 40-45 degree slope angle. Snowboarder triggered avalanche. Small tree impact prevented any burial possibility hard slab broke about 30ft above rider. Signs of wind loading but avalanche broke to the ground indicating persistent weak layer. Crown appeared to show multiple layers."" , -, G, approved, -, -, -, -, -, -, -, -, TP
4b84bcc4-2033-4f60-bdd1-12a3b8c59464, Sat Jan 25 2025 12:00:00 GMT-0700 (Mountain Standard Time), Estimated, -, -, -105.6664828, 40.3228919, -, 1, TL, NE, SS, U, -, R3, D1, -, Front Range, -, -, -, -, approved, -, -, -, -, -, -, -, -, -
873a85dd-3e61-4469-87df-caef621e030b, Sat Jan 25 2025 12:00:00 GMT-0700 (Mountain Standard Time), Estimated, -, -, -105.656455, 40.3055166, -, -, <TL, E, L, N, -, R1, D1, -, Front Range, -, -, -, -, approved, -, -, -, -, -, -, -, -, -
fa451f4c-45dc-452e-ab82-4b6f8cbec721, Sat Jan 25 2025 12:00:00 GMT-0700 (Mountain Standard Time), Estimated, -, -, -105.9030957, 40.5142828, -, 1, >TL, NE, -, -, -, R1, D1, -, Front Range, -, -, -, -, approved, -, -, -, -, -, -, -, -, -
c963c0c7-9510-4ada-b82c-0aba66de37f9, Wed Jan 22 2025 12:00:00 GMT-0700 (Mountain Standard Time), Estimated, -, -, -105.78113, 39.82642, -, 1, <TL, NE, SS, AS, u, R1, D1, true, Front Range, -, -, -, -, approved, -, -, -, -, -, -, -, -, -
7bc2b1b7-a66d-44d3-b035-71922898cfa1, Tue Jan 21 2025 12:00:00 GMT-0700 (Mountain Standard Time), Known, -, -, -105.6952821, 39.9224871, -, 1, >TL, SE, HS, AM, y, R2, D2, -, Front Range, -, -, -, -, approved, -, -, -, -, -, -, -, -, -
7bc2b1b7-a66d-44d3-b035-71922898cfa1, Tue Jan 21 2025 12:00:00 GMT-0700 (Mountain Standard Time), Known, -, -, -105.6952821, 39.9224871, -, 1, >TL, E, HS, AM, r, R2, D2, -, Front Range, -, -, -, -, approved, -, -, -, -, -, -, -, -, -
1aaef320-54b3-4104-aa0e-dcb1a4f4e607, Tue Jan 21 2025 12:00:00 GMT-0700 (Mountain Standard Time), Estimated, -, -, -105.6652706, 40.3047272, -, 1, >TL, SE, SS, N, -, R1, D1, -, Front Range, Elevator shaft, -, -, -, approved, -, -, -, -, -, -, -, -, -
a6bd7260-6efd-4d7d-8a55-ec4dbf8c7ee2, Tue Jan 21 2025 12:00:00 GMT-0700 (Mountain Standard Time), Known, -, -, -105.6533715, 40.3110041, -, 1, <TL, E, HS, AI, u, R2, D1, -, Front Range, -, -, -, -, approved, -, -, -, -, -, -, -, -, -
d08768d2-fefe-4bcd-9995-e6789e69153c, Tue Jan 21 2025 00:00:00 GMT-0700 (Mountain Standard Time), Estimated, -, -, -105.8509621, 39.7188392, -, 1, >TL, SE, HS, U, -, R2, D2, -, Front Range, -, Saw a crown on a SE aspect near 12200 ft in a cross getting to the trailhead. And another avalanche that had released from near ridgeline on and E aspect. This one looked to have ran on an old bed surface. One avalanche coded here https://avalanche.state.co.us/report/f4b8a48c-676b-4cf9-ba33-ab5914f517b6 , -, -, approved, -, -, -, -, -, -, -, -, -
4741ce34-6809-48b8-9d97-6a2d1a938b6e, Mon Jan 20 2025 12:00:00 GMT-0700 (Mountain Standard Time), Estimated, -, -, -105.9111524, 39.8432029, -, 1, >TL, E, -, -, -, R2, D2.5, -, Front Range, -, -, -, -, approved, -, -, -, -, -, -, -, -, -
4741ce34-6809-48b8-9d97-6a2d1a938b6e, Mon Jan 20 2025 12:00:00 GMT-0700 (Mountain Standard Time), Estimated, -, -, -105.9111524, 39.8432029, -, 1, >TL, N, -, -, -, R1, D1, -, Front Range, Mt. Nystrom, -, -, -, approved, -, -, -, -, -, -, -, -, -
5ca0033f-4c8c-4adf-96fc-2ebb870e0631, Sun Jan 19 2025 12:00:00 GMT-0700 (Mountain Standard Time), Estimated, -, -, -105.8296068, 39.7190015, -, 1, >TL, SW, -, N, -, R2, D2, -, Front Range, Mt. Parnassus, -, -, -, approved, -, -, -, -, -, -, -, -, -
fa1f3a01-2c57-4fc1-93fc-b1742740d0b9, Sun Jan 19 2025 12:00:00 GMT-0700 (Mountain Standard Time), Estimated, -, -, -105.6559245, 40.3934705, -, 1, TL, E, -, N, -, R1, D1, -, Front Range, -, -, -, -, approved, -, -, -, -, -, -, -, -, -
82127e22-3354-4a15-b67b-42c1bae0f83a, Sat Jan 18 2025 12:00:00 GMT-0700 (Mountain Standard Time), Estimated, -, -, -105.8598961, 39.7181692, -, 2, >TL, S, -, N, -, R2, D2, -, Front Range, -, -, -, -, approved, -, -, -, -, -, -, -, -, -
9535148d-6976-4716-8548-e11ac49c6811, Sat Jan 18 2025 12:00:00 GMT-0700 (Mountain Standard Time), Estimated, -, -, -105.6444469, 39.9033204, -, 1, <TL, NE, SS, AS, c, R1, D1, -, Front Range, -, -, -, -, approved, -, -, -, -, -, -, -, -, -
58059726-8133-4f8d-8287-d4906a78f5c1, Sat Jan 18 2025 12:00:00 GMT-0700 (Mountain Standard Time), Estimated, -, -, -105.9820607, 39.9412322, -, 1, TL, NE, U, N, -, R2, D2, -, Front Range, Ptarmigan Peak Byers Peak Wilderness, -, -, -, approved, -, -, -, -, -, -, -, -, -
e6773319-afcd-4ed5-a32b-dc0a54d02ba5, Thu Jan 16 2025 12:00:00 GMT-0700 (Mountain Standard Time), Estimated, -, -, -105.8811935, 40.4850562, -, 5, >TL, S, L, N, -, R1, D1, -, Front Range, Nokhu Crags, -, -, -, approved, -, -, -, -, -, -, -, -, -
cfb4944e-0517-4063-ad84-9716e0272454, Wed Jan 15 2025 12:00:00 GMT-0700 (Mountain Standard Time), Estimated, -, -, -105.9049213, 40.5051274, -, 1, <TL, S, WL, N, -, R1, D1, -, Front Range, -, Backside of South Diamond north side of Highway 14 just west of Cameron Pass southern aspect approx 9900 feet.  These were smaller slides and roller-balls showing trending characteristics of south aspects in the area., -, -, approved, -, -, -, -, -, -, -, -, -
88de4daf-4baa-4f6e-9cfe-a4ccb5f64f30, Mon Jan 13 2025 12:00:00 GMT-0700 (Mountain Standard Time), Known, -, -, -105.9346976, 40.4786497, -, 1, TL, -, -, AS, r, R2, D2, -, Front Range, -, -, -, -, approved, -, -, -, -, -, -, -, -, -
5b4e2bd8-e172-41d8-9907-0619ac10bc11, Sun Jan 12 2025 16:00:00 GMT-0700 (Mountain Standard Time), Known, -, -, -105.6718824, 39.9075142, -, 1, TL, NE, HS, AS, u, R2, D1, -, Front Range, Slide occurred on a North East facing slope dropping into the small valley connecting the upper and lower Arapahoe lakes , Skier in party triggered small avalanche descending slope near 30 degrees. The avalanche broke directly below the skier. The skier was the first to go down the other skier was waiting above. Skier remained on crust left behind as avalanche fell below and was able to back out safely. No one caught in it. Broke across the entire face sliding for 10-15 feet before stopping. , Slope angle shading on GAIA GPS displayed an angle between 25-30 degrees. , I, approved, -, Interface, 35, ft, 10, ft, 14, in, MP
d5012b14-3ff0-4ac1-95d4-b0b6404527fd, Sun Jan 12 2025 12:00:00 GMT-0700 (Mountain Standard Time), Estimated, -, -, -105.9273234, 40.4769104, -, 1, TL, N, SS, U, -, R2, D1.5, -, Front Range, -, -, -, -, approved, -, -, -, -, -, -, -, -, -
9b3144ed-c3af-4646-8f87-d79751179e45, Sat Jan 11 2025 12:00:00 GMT-0700 (Mountain Standard Time), Estimated, -, -, -105.8891785, 39.7735978, -, 2, >TL, SE, HS, N, -, R2, D2, -, Front Range, I am guessing these avalanches were in the last 48 hours as the crowns were not well filled in despite 30cm of new snow. , -, -, -, approved, -, -, -, -, -, -, -, -, -
149c5f63-0845-4d02-9842-89fdc6af31ee, Sat Jan 11 2025 12:00:00 GMT-0700 (Mountain Standard Time), Known, -, -, -105.6629558, 40.2998942, -, 1, <TL, N, SS, AS, -, R1, D1, -, Front Range, -, -, -, -, approved, -, -, -, -, -, -, -, -, -
0e4a8ab7-582e-45cb-ab32-850a80d300b8, Sat Jan 11 2025 12:00:00 GMT-0700 (Mountain Standard Time), Known, -, -, -105.8273038, 39.7350809, -, 1, TL, E, HS, AS, r, R2, D2, -, Front Range, -, -, -, -, approved, -, -, -, -, -, -, -, -, -
0d869e37-07e6-4597-835a-a1902bea1e9f, Sat Jan 11 2025 12:00:00 GMT-0700 (Mountain Standard Time), Known, -, -, -105.879222, 39.7702563, -, 1, >TL, E, SS, AS, r, R1, D1, -, Front Range, -, -, -, -, approved, -, -, -, -, -, -, -, -, -
376ac753-fdba-4182-8b92-c37793486e5f, Sat Jan 11 2025 12:00:00 GMT-0700 (Mountain Standard Time), Estimated, -, -, -105.9085258, 39.7012804, -, 1, >TL, S, -, -, -, R2, D1.5, -, Front Range, -, -, -, -, approved, -, -, -, -, -, -, -, -, -
34ead3db-8b93-407c-b6cb-dd6e809f18d3, Sat Jan 11 2025 12:00:00 GMT-0700 (Mountain Standard Time), Estimated, -, -, -105.9942196, 40.2745235, -, 1, TL, E, HS, U, -, R1, D1.5, -, Front Range, Gravel Mountain, We saw evidence of an old avalanche that was probably over a week old. , -, -, approved, -, -, -, -, -, -, -, -, -
9b3144ed-c3af-4646-8f87-d79751179e45, Sat Jan 11 2025 12:00:00 GMT-0700 (Mountain Standard Time), Estimated, -, -, -105.8891785, 39.7735978, -, 1, TL, E, SS, N, -, R1, D1.5, -, Front Range, No step down. , -, -, -, approved, -, -, -, -, -, -, -, -, -
6bc474d8-63d0-433f-a86f-a8ae3ef066a3, Fri Jan 10 2025 12:00:00 GMT-0700 (Mountain Standard Time), Estimated, -, -, -105.9021279, 40.5160019, -, 1, TL, NE, -, -, -, R2, D2, -, Front Range, South Diamond Peak, -, -, -, approved, -, -, -, -, -, -, -, -, -
9423d6ce-2651-40a5-8f2c-0487f2b360e8, Thu Jan 09 2025 12:00:00 GMT-0700 (Mountain Standard Time), Known, -, -, -105.7921495, 39.7999096, -, -, >TL, SE, SS, N, -, R2, D2, -, Front Range, Russell Peak southeast face , -, -, -, approved, -, -, -, -, -, -, -, -, -
25899d8e-4ad9-49e6-90c1-290e8ea1bdea, Thu Jan 09 2025 12:00:00 GMT-0700 (Mountain Standard Time), Known, -, -, -105.8868858, 39.7896917, -, 1, >TL, E, SS, N, -, R1, D1, -, Front Range, -, -, -, -, approved, -, -, -, -, -, -, -, -, -
9423d6ce-2651-40a5-8f2c-0487f2b360e8, Thu Jan 09 2025 12:00:00 GMT-0700 (Mountain Standard Time), Known, -, -, -105.7921495, 39.7999096, -, -, >TL, SE, SS, N, -, R2, D2, -, Front Range, Russell Peak southeast face , -, -, -, approved, -, -, -, -, -, -, -, -, -
a00f05c0-f615-4795-bbf6-e32a117a7ab5, Wed Jan 08 2025 12:00:00 GMT-0700 (Mountain Standard Time), Estimated, -, -, -105.8758561, 39.7717285, -, 1, >TL, NE, SS, AS, c, R1, D1, -, Front Range, Jones Pass - Stoner Bowl, -, -, -, approved, -, -, -, -, -, -, -, -, -
d7b49b8d-95c5-4979-914e-9a3984216b92, Wed Jan 08 2025 12:00:00 GMT-0700 (Mountain Standard Time), Estimated, -, -, -105.8865646, 40.3827042, -, 1, TL, E, SS, N, -, R2, D2, -, Front Range, Mineral Point , Lots of Loose Dry avalanches in extreme terrain around Bake Mountain Mount Nimbus and Mount Stratus. , Avalanche looks shallow but hard to say from a distance. , -, approved, -, -, -, -, -, -, -, -, -
d7b49b8d-95c5-4979-914e-9a3984216b92, Wed Jan 08 2025 12:00:00 GMT-0700 (Mountain Standard Time), Estimated, -, -, -105.8865646, 40.3827042, -, 2, >TL, N, L, N, -, R1, D1, -, Front Range, -, Lots of Loose Dry avalanches in extreme terrain around Bake Mountain Mount Nimbus and Mount Stratus. , Long-running Dry Loose avalanches in extreme terrain., -, approved, -, -, -, -, -, -, -, -, -
d3f8dbaa-1be4-403e-9be4-e80f47ad14c7, Tue Jan 07 2025 10:30:00 GMT-0700 (Mountain Standard Time), Estimated, -, -, -105.7817041, 39.8269509, -, 1, TL, NE, SS, AS, r, R3, D2, -, Front Range, -, This avalanche occurred just NE of the Broome Hut in First Creek. We believe another group at the hut remotely triggered the avalanche based on how close their skin track was to the avalanche. (The group’s tracks were found in conservative terrain.), -, G, approved, -, Interface, 30, m, 80, m, 80, cm, MP
eb9c1b89-a7c1-4c4d-bcbe-55267eb5e4b3, Mon Jan 06 2025 12:00:00 GMT-0700 (Mountain Standard Time), Estimated, -, -, -105.8925128, 40.5208158, -, 1, TL, NE, SS, -, -, R1, D1.5, -, Front Range, Tasters Choice, -, -, -, approved, -, -, -, -, -, -, -, -, -
eb9c1b89-a7c1-4c4d-bcbe-55267eb5e4b3, Mon Jan 06 2025 12:00:00 GMT-0700 (Mountain Standard Time), Estimated, -, -, -105.8925128, 40.5208158, -, 1, TL, E, HS, N, -, R2, D2, -, Front Range, Montgomery Bowl , -, -, -, approved, -, -, -, -, -, -, -, -, -
eb9c1b89-a7c1-4c4d-bcbe-55267eb5e4b3, Mon Jan 06 2025 12:00:00 GMT-0700 (Mountain Standard Time), Estimated, -, -, -105.8925128, 40.5208158, -, 1, TL, NE, SS, AS, r, R1, D1.5, -, Front Range, Tasters Choice, -, -, -, approved, -, -, -, -, -, -, -, -, -
7b388d23-05f0-4841-a48a-a78ac937e00e, Mon Jan 06 2025 12:00:00 GMT-0700 (Mountain Standard Time), Estimated, -, -, -106.062519, 39.3616552, -, 1, TL, N, HS, N, -, R2, D2, -, Front Range, -, -, -, -, approved, -, -, -, -, -, -, -, -, -
7b388d23-05f0-4841-a48a-a78ac937e00e, Mon Jan 06 2025 12:00:00 GMT-0700 (Mountain Standard Time), Estimated, -, -, -106.062519, 39.3616552, -, 1, TL, NE, HS, N, y, R1, D1.5, -, Front Range, -, -, -, -, approved, -, -, -, -, -, -, -, -, -
a0581560-6808-4f72-b55b-3d5b2bdbf660, Sun Jan 05 2025 12:00:00 GMT-0700 (Mountain Standard Time), Estimated, -, -, -105.8925128, 40.5208158, -, 1, <TL, E, -, -, -, R1, D1.5, -, Front Range, -, -, -, -, approved, -, -, -, -, -, -, -, -, -
3e99e051-b73f-47c1-9932-bdde98780743, Sun Jan 05 2025 12:00:00 GMT-0700 (Mountain Standard Time), Estimated, -, -, -105.7944567, 39.7959914, -, 1, TL, E, -, U, -, R2, D2, -, Front Range, -, -, -, -, approved, -, -, -, -, -, -, -, -, -
f3d7e34f-3890-434e-a5a4-e2f5dc40c478, Sun Jan 05 2025 12:00:00 GMT-0700 (Mountain Standard Time), Known, -, -, -105.8673152, 39.7802453, -, 1, <TL, E, SS, AS, r, R2, D2, -, Front Range, -, -, -, -, approved, -, -, -, -, -, -, -, -, -
f462f7ed-0f76-44bd-b8a4-35ff76718ba4, Sun Jan 05 2025 12:00:00 GMT-0700 (Mountain Standard Time), Estimated, -, -, -105.7101374, 39.6014756, -, 2, <TL, NE, -, -, -, -, D1, -, Front Range, -, -, -, -, approved, -, -, -, -, -, -, -, -, -
6a7f29e7-b38e-43d5-b7ed-b38cbc530004, Sat Jan 04 2025 11:04:00 GMT-0700 (Mountain Standard Time), Known, -, -, -105.7111165, 39.5949872, -, 1, TL, NE, SS, AS, r, R2, D1.5, -, Front Range, -, -, -, -, approved, -, -, -, -, -, -, -, -, -
6a7f29e7-b38e-43d5-b7ed-b38cbc530004, Sat Jan 04 2025 11:02:00 GMT-0700 (Mountain Standard Time), Known, -, -, -105.7111165, 39.5949872, -, 1, TL, NE, HS, AS, r, R2, D2, -, Front Range, This avalanche was triggered from about 100 yards away. As the second skier ascended out of the trees we felt a collapse. , -, -, -, approved, -, -, -, -, -, -, -, -, -
ef0bacff-51ff-44e5-80ee-1f51b28eee1c, Fri Jan 03 2025 13:50:00 GMT-0700 (Mountain Standard Time), Estimated, -, -, -105.8489745, 39.7177869, -, 1, >TL, E, HS, AS, r, R2, D2.5, -, Front Range, -, -, -, -, approved, -, -, -, -, -, -, -, -, -
6a7f29e7-b38e-43d5-b7ed-b38cbc530004, Fri Jan 03 2025 12:00:00 GMT-0700 (Mountain Standard Time), Estimated, -, -, -105.7111165, 39.5949872, -, 1, TL, E, HS, N, -, R3, D2.5, -, Front Range, This avalanche on Otter Mountain wrapped from northeast east and southeast aspects. , -, -, -, approved, -, -, -, -, -, -, -, -, -
d7c46b2a-1aad-40d4-b9c7-bc847d08965e, Thu Jan 02 2025 12:00:00 GMT-0700 (Mountain Standard Time), Estimated, -, -, -105.9336596, 40.4780143, -, 1, >TL, NE, SS, N, -, R2, D2, -, Front Range, -, -, -, -, approved, -, -, -, -, -, -, -, -, -
56b30882-b450-4816-81f1-6794b08f3edd, Thu Jan 02 2025 12:00:00 GMT-0700 (Mountain Standard Time), Estimated, -, -, -105.6782424, 39.8951033, -, 2, TL, N, HS, N, -, R2, D2, -, Front Range, -, -, -, -, approved, -, -, -, -, -, -, -, -, -
84c20df4-e76c-4925-9594-008e97e93812, Thu Jan 02 2025 12:00:00 GMT-0700 (Mountain Standard Time), Known, -, -, -105.779496, 39.7995577, -, 1, TL, NE, SS, AS, u, R2, D1.5, true, Front Range, -, A man was caught in a D1.5 avalanche triggered in the Plunge Chute on Berthoud Pass. The plunge Chute is on an NE aspect around TL., -, -, approved, -, -, -, -, -, -, -, -, -
521a2f3f-4598-4a0f-bce5-acfbf36e5ee7, Thu Jan 02 2025 12:00:00 GMT-0700 (Mountain Standard Time), Estimated, -, -, -105.7772446, 39.8165916, -, 1, TL, SE, SS, U, -, R2, D1.5, -, Front Range, -, SS avalanche on an SE aspect on the N side of Current Creek., -, -, approved, -, -, -, -, -, -, -, -, -
440d275b-6abc-4cfb-a9be-e05896954219, Wed Jan 01 2025 00:01:00 GMT-0700 (Mountain Standard Time), Estimated, -, -, -105.6963352, 39.8737366, -, 1, >TL, NE, HS, U, -, R3, D2.5, -, Front Range, Observed from trailhead parking lot., From the parking lot we were able to see a large crown above Heart Lake and just below the Continental Divide. The crown is estimated to be 6-7 feet at the largest point. Avalanche cleared out the slope to ground and most likely ran all the way down to Heart Lake and possibly over it. I estimate it to be an R4 D3 from the crown size. This was one of the larger avalanches I've seen in that area in 20 years of riding in this zone and is indicative of the avalanche problem for all of James Peak Wilderness right now- lots of wind loading on a thin weak base. Big steep slopes coming down from the Continental Divide are reaching their tipping point and are capable of producing large deadly avalanches. Unfortunately by the time we got to treeline there was no visibility to safely make further observations., If the avalanche was indeed an R4 that would put it at about 1200' wide., G, approved, -, Unknown, -, -, -, ft, -, -, U
f4bd69c9-0710-4df7-99ed-1d2686292acb, Tue Dec 31 2024 12:30:00 GMT-0700 (Mountain Standard Time), Known, -, -, -105.9030681, 39.6955423, -, 1, >TL, SE, HS, AS, r, R4, D3, -, Front Range, -, -, -, -, approved, -, -, -, -, -, -, -, -, -
af4dd3cb-bb0c-44e7-9f4b-0457b72ec900, Tue Dec 31 2024 12:00:00 GMT-0700 (Mountain Standard Time), Known, -, -, -105.7777849, 39.7983203, -, 1, TL, NE, SS, AS, u, R2, D2, -, Front Range, -, -, -, -, approved, -, -, -, -, -, -, -, -, -
310ae249-87a3-4ddb-9f25-6e1fca8d950a, Tue Dec 31 2024 12:00:00 GMT-0700 (Mountain Standard Time), Estimated, -, -, -105.7835353, 39.8119873, -, 1, >TL, E, -, N, -, R3, D2.5, -, Front Range, -, -, -, -, approved, -, -, -, -, -, -, -, -, -
12064649-e5bc-44fb-9002-eda79838d1ef, Tue Dec 31 2024 12:00:00 GMT-0700 (Mountain Standard Time), Estimated, -, -, -105.6941393, 39.613107, -, 1, >TL, SE, -, AS, r, R2, D1.5, -, Front Range, -, -, -, -, approved, -, -, -, -, -, -, -, -, -
accf9632-e088-437e-a125-4d2fc7888d65, Tue Dec 31 2024 12:00:00 GMT-0700 (Mountain Standard Time), Estimated, -, -, -105.8925128, 40.5208158, -, 1, <TL, NE, SS, N, -, R2, D1.5, -, Front Range, -, We observed a suspected R2 D1 avalanche in the same chute as the fatal accident on 12-24-2021. This avalanche was triggered from above near the rollover into the drainage. The avalanche left a crown 18-24” deep and failed on ~1mm facets. Nobody was caught or injured. We also remote triggered a wind slab avalanche on a small exposed ~30deg rollover on SE aspect slightly higher and further south. This avalanche was up to 3’ deep but limited in size due to the extents of the steep terrain., -, -, approved, -, -, -, -, -, -, -, -, -
accf9632-e088-437e-a125-4d2fc7888d65, Tue Dec 31 2024 12:00:00 GMT-0700 (Mountain Standard Time), Estimated, -, -, -105.8925128, 40.5208158, -, 1, TL, SE, SS, AS, u, R1, D1, -, Front Range, -, We observed a suspected R2 D1 avalanche in the same chute as the fatal accident on 12-24-2021. This avalanche was triggered from above near the rollover into the drainage. The avalanche left a crown 18-24” deep and failed on ~1mm facets. Nobody was caught or injured. We also remote triggered a wind slab avalanche on a small exposed ~30deg rollover on SE aspect slightly higher and further south. This avalanche was up to 3’ deep but limited in size due to the extents of the steep terrain., -, -, approved, -, -, -, -, -, -, -, -, -
d3414a1f-284e-4e85-972d-a91e484c4f89, Tue Dec 31 2024 12:00:00 GMT-0700 (Mountain Standard Time), Estimated, -, -, -105.7111165, 39.5949872, -, 1, >TL, SE, -, AS, r, R1, D1, -, Front Range, -, -, -, -, approved, -, -, -, -, -, -, -, -, -
09dccd8c-972e-4d2c-be67-a833c0fc9486, Mon Dec 30 2024 12:00:00 GMT-0700 (Mountain Standard Time), Estimated, -, -, -105.6921059, 39.9139314, -, 1, >TL, SE, SS, N, -, R3, D2, -, Front Range, Above Corona Lake, -, This avalanche broke wide across multiple terrain features., -, approved, -, -, -, -, -, -, -, -, -
d0277314-54e6-4b9e-beff-2c2b1e273410, Mon Dec 30 2024 12:00:00 GMT-0700 (Mountain Standard Time), Estimated, -, -, -105.8185136, 39.785183, -, 1, >TL, NE, SS, N, -, R2, D1.5, -, Front Range, -, Slab avalanche on the NS slope of Stanley Mountain East side of Berthoud Pass, -, -, approved, -, -, -, -, -, -, -, -, -
09dccd8c-972e-4d2c-be67-a833c0fc9486, Mon Dec 30 2024 12:00:00 GMT-0700 (Mountain Standard Time), Estimated, -, -, -105.6921059, 39.9139314, -, 1, <TL, N, SS, N, -, R2, D2, -, Front Range, The Railroad grade below the Trestle. , -, -, -, approved, -, -, -, -, -, -, -, -, -
c4369ace-d099-4b70-b777-749cb6a3605d, Sun Dec 29 2024 12:00:00 GMT-0700 (Mountain Standard Time), Estimated, -, -, -105.8086615, 39.7943144, -, 1, >TL, E, HS, N, -, R2, D2, -, Front Range, North of Stanely Mountain , -, -, -, approved, -, -, -, -, -, -, -, -, -
00123f08-07d9-4598-b74e-bd7b29bbad58, Sun Dec 29 2024 12:00:00 GMT-0700 (Mountain Standard Time), Estimated, -, -, -105.7824517, 39.8270906, -, 1, TL, SE, -, AS, r, R1, D1, -, Front Range, -, -, -, -, approved, -, -, -, -, -, -, -, -, -
54ecbb5c-91e8-49cc-a0b4-669b56a99822, Sun Dec 29 2024 11:00:00 GMT-0700 (Mountain Standard Time), Estimated, -, -, -105.8917347, 39.6715061, -, 2, TL, E, -, AS, r, R1, D1, -, Front Range, -, -, -, -, approved, -, -, -, -, -, -, -, -, -
f5da0bdb-0ab8-46a6-9157-fbee807b5d00, Sun Dec 29 2024 11:00:00 GMT-0700 (Mountain Standard Time), Estimated, -, -, -105.7993009, 39.7989406, -, 2, >TL, NE, -, N, -, R3, D2, -, Front Range, -, -, -, -, approved, -, -, -, -, -, -, -, -, -
495aa86a-3720-4810-90e7-6def3d43b1ad, Sun Dec 29 2024 06:00:00 GMT-0700 (Mountain Standard Time), Estimated, -, -, -105.7880233, 39.8213267, -, 2, >TL, E, U, N, -, R4, D2.5, -, Front Range, -, Saw two naturally triggered avalanches that slid overnight (12/28 into 12/29) due to the recent snow and high wind loading.  Both slides were in chutes on the wall near the Broome Hut., Both broke at the top of the path and to close to the ground. Estimated 4ft depth., -, approved, -, -, -, -, -, -, -, -, TP
3f887871-7a48-479b-91bc-c36429174cad, Fri Dec 27 2024 12:00:00 GMT-0700 (Mountain Standard Time), Estimated, -, -, -105.8908804, 39.69244, -, 1, >TL, E, -, -, -, R1, D1, -, Front Range, -, -, -, -, approved, -, -, -, -, -, -, -, -, -
0a2758e7-e9d8-4248-8244-b6c2cdb278af, Fri Dec 27 2024 10:30:00 GMT-0700 (Mountain Standard Time), Estimated, -, -, -105.7799114, 39.800506, -, 1, <TL, NE, SS, U, -, R1, D1, -, Front Range, -, -, -, -, approved, -, -, -, -, -, -, -, -, -
2b63f9b2-c8f0-4ae9-b003-108dbc462d73, Fri Dec 20 2024 12:00:00 GMT-0700 (Mountain Standard Time), Known, -, -, -105.8762798, 39.7901341, -, 1, TL, N, HS, AS, u, R1, D1, true, Front Range, -, -, -, -, approved, -, -, -, -, -, -, -, -, -
ab34a940-a2ae-43e3-bfb0-f7c027f9fb4b, Thu Dec 19 2024 12:00:00 GMT-0700 (Mountain Standard Time), Estimated, -, -, -105.7796442, 39.7985437, -, 1, >TL, E, -, N, -, R1, D1, -, Front Range, -, -, -, -, approved, -, -, -, -, -, -, -, -, -
ab34a940-a2ae-43e3-bfb0-f7c027f9fb4b, Thu Dec 19 2024 12:00:00 GMT-0700 (Mountain Standard Time), Estimated, -, -, -105.7796442, 39.7985437, -, 1, >TL, NE, -, N, -, R2, D2, -, Front Range, -, -, -, -, approved, -, -, -, -, -, -, -, -, -
7747e5a9-b3f2-449c-8e7a-0182d42d0d90, Wed Dec 18 2024 23:00:00 GMT-0700 (Mountain Standard Time), Estimated, -, -, -105.7828773, 39.8442747, -, 1, >TL, E, -, N, -, R2, D2, -, Front Range, -, -, -, -, approved, -, -, -, -, -, -, -, -, -
9407b8f1-3bae-46ac-8ca3-c42fc42d70ab, Wed Dec 18 2024 12:00:00 GMT-0700 (Mountain Standard Time), Estimated, -, -, -105.7552092, 39.8082726, -, 1, TL, N, U, N, -, R2, D2, -, Front Range, The shoulder of Mt. Floral, -, -, -, approved, -, -, -, -, -, -, -, -, -
080f6d3a-fc22-4814-b7e5-dc5a58b7f632, Wed Dec 18 2024 12:00:00 GMT-0700 (Mountain Standard Time), Estimated, -, -, -105.7770153, 39.7980258, -, 1, >TL, E, -, -, -, -, D2, -, Front Range, -, -, -, -, approved, -, -, -, -, -, -, -, -, -
080f6d3a-fc22-4814-b7e5-dc5a58b7f632, Wed Dec 18 2024 12:00:00 GMT-0700 (Mountain Standard Time), Estimated, -, -, -105.7770153, 39.7980258, -, 1, >TL, E, -, -, -, -, D1.5, -, Front Range, -, -, -, -, approved, -, -, -, -, -, -, -, -, -
c30fbbfb-7349-44e1-8c46-1966d75a23fd, Mon Dec 16 2024 12:00:00 GMT-0700 (Mountain Standard Time), Estimated, -, -, -105.7972229, 39.6520826, -, 1, >TL, E, HS, AF, -, R2, D1.5, true, Front Range, Kelso Mountain, -, -, -, approved, -, -, -, -, -, -, -, -, -
ae320369-f89d-4052-9b5e-cc64835a855c, Sun Dec 15 2024 12:00:00 GMT-0700 (Mountain Standard Time), Known, -, -, -105.7758384, 39.8201462, -, 1, <TL, N, SS, AS, u, R1, D1, true, Front Range, Second Creek Berthoud Pass, -, -, -, approved, -, -, -, -, -, -, -, -, -
d610dbf8-7d32-40df-8585-75da01d6aa3d, Sun Dec 15 2024 12:00:00 GMT-0700 (Mountain Standard Time), Estimated, -, -, -105.7882944, 39.8238922, -, 1, >TL, E, SS, N, -, R1, D1.5, -, Front Range, Second Creek Headwall, -, -, -, approved, -, -, -, -, -, -, -, -, -
643e08fc-6827-4737-8d6f-927274300e2a, Sat Dec 14 2024 13:00:00 GMT-0700 (Mountain Standard Time), Known, -, -, -105.7989119, 39.7987059, -, 1, >TL, NE, SS, AS, -, R1, D1, true, Front Range, -, -, -, -, approved, -, -, -, -, -, -, -, -, -
b2131d8f-ab68-4d6a-bebd-cd96d78d16d0, Fri Dec 13 2024 12:00:00 GMT-0700 (Mountain Standard Time), Estimated, -, -, -105.6705604, 39.9195476, -, 1, TL, E, HS, N, -, -, D1.5, -, Front Range, -, Observed one avalanche on Radiobeacon ESE shoulder., -, -, approved, -, -, -, -, -, -, -, -, -
224c4057-da99-4877-bd67-c5ef79709ee8, Wed Dec 11 2024 12:00:00 GMT-0700 (Mountain Standard Time), Estimated, -, -, -105.8088206, 39.7960118, -, 2, >TL, E, SS, -, -, R1, D1, -, Front Range, -, -, -, -, approved, -, -, -, -, -, -, -, -, -
15497f1c-59bf-4656-8291-770ee1cfc087, Tue Dec 03 2024 15:00:00 GMT-0700 (Mountain Standard Time), Estimated, -, -, -105.7668542, 39.8023578, -, 1, TL, N, HS, AS, -, R3, D2, true, Front Range, Mines 2 on Colorado Mines Peak, -, -, G, approved, -, -, -, ft, -, ft, 24, in, -
7b1772c9-b666-404b-8a85-2e6ec51c4118, Tue Dec 03 2024 15:00:00 GMT-0700 (Mountain Standard Time), Estimated, -, -, -105.7658693, 39.7994662, -, 1, TL, N, HS, AS, -, R3, D2, true, Front Range, Mines 2 avalanche path on Colorado Mines Peak, This was a hard slab avalanche unintentionally triggered by a backcountry skier. It was medium in size relative to the path and produced enough destructive force to bury injure or kill a person. It broke on faceted snow in the middle or bottom of the snowpack and ran to the ground in many places (HS-ASu-R3D2-G). It averaged two feet deep was over 600 feet wide and ran 800 vertical feet. The avalanche split in two partway down the path and the eastern section funneled through a narrow gully. The western portion of the avalanche swept Skier 1 downhill and ran through small sparse trees in the lower half of the avalanche track. Both sections of the avalanche converged at the bottom and piled debris over six feet deep in the ravine., -, G, approved, -, -, -, ft, -, ft, 24, in, -
73b6c541-b8fc-4429-8fd7-df7085789814, Tue Dec 03 2024 12:00:00 GMT-0700 (Mountain Standard Time), Estimated, -, -, -105.7765054, 39.7977042, -, 1, TL, E, SS, -, -, R1, D1, -, Front Range, The Big Roll to the looker's right of the Nitro Chutes., Some of the slides in the photographs ran during or immediately after the Thanksgiving week storm. The two coded here likely ran in the last few days., -, -, approved, -, -, -, -, -, -, -, -, -
73b6c541-b8fc-4429-8fd7-df7085789814, Tue Dec 03 2024 12:00:00 GMT-0700 (Mountain Standard Time), Estimated, -, -, -105.7765054, 39.7977042, -, 1, >TL, NE, HS, -, -, R2, D2, -, Front Range, Current Creek, Some of the slides in the photographs ran during or immediately after the Thanksgiving week storm. The two coded here likely ran in the last few days., -, -, approved, -, -, -, -, -, -, -, -, -
22db351d-f27c-4ba4-a310-fc3a1e1edcc7, Mon Dec 02 2024 12:00:00 GMT-0700 (Mountain Standard Time), Estimated, -, -, -105.8490805, 39.6441809, -, 1, >TL, E, SS, N, -, R2, D2, -, Front Range, East side of Grizzly Peak, -, -, -, approved, -, -, -, -, -, -, -, -, -
22db351d-f27c-4ba4-a310-fc3a1e1edcc7, Mon Dec 02 2024 12:00:00 GMT-0700 (Mountain Standard Time), Estimated, -, -, -105.8490805, 39.6441809, -, 1, >TL, NE, HS, N, -, R1, D1.5, -, Front Range, -, -, Date unknown, -, approved, -, -, -, -, -, -, -, -, -
745744c3-0bfa-4350-934e-db053118cf80, Sun Dec 01 2024 12:00:00 GMT-0700 (Mountain Standard Time), Estimated, -, -, -105.7644509, 39.7958203, -, 1, TL, NE, -, -, -, R1, D1, -, Front Range, -, I saw two small slides to the west of the Nitro Chutes.  The larger avalanche mentioned was coded in this observation. https://avalanche.state.co.us/report/60cea9fe-7482-4755-a7f2-8218784e04e9, -, -, approved, -, -, -, -, -, -, -, -, -
64534ba9-88f6-4b13-8672-d4b8eb640e0f, Sun Dec 01 2024 12:00:00 GMT-0700 (Mountain Standard Time), Estimated, -, -, -105.6819457, 39.9075195, -, 1, >TL, NE, -, N, -, R1, D1, -, Front Range, Steep slopes above Arapahoe Lakes. , -, -, -, approved, -, -, -, -, -, -, -, -, -
7046a8fb-e675-4ffc-b7df-04855cdd39c6, Sun Dec 01 2024 12:00:00 GMT-0700 (Mountain Standard Time), Estimated, -, -, -105.8891785, 39.7735978, -, 1, >TL, SE, -, N, -, R1, D1, -, Front Range, -, -, -, -, approved, -, -, -, -, -, -, -, -, -
3b240fbc-e5a8-4502-bf8e-5704b569b071, Sun Dec 01 2024 12:00:00 GMT-0700 (Mountain Standard Time), Estimated, -, -, -105.765542, 39.7989773, -, 1, TL, N, -, -, -, R3, D2, -, Front Range, Mines 1, A CAIC forecaster spotted this avalanche on Colorado Mines Peak while driving over Berthoud Pass., -, -, approved, -, -, -, -, -, -, -, -, -
745744c3-0bfa-4350-934e-db053118cf80, Sun Dec 01 2024 12:00:00 GMT-0700 (Mountain Standard Time), Estimated, -, -, -105.7644509, 39.7958203, -, 1, TL, N, -, -, -, R1, D1, -, Front Range, -, I saw two small slides to the west of the Nitro Chutes.  The larger avalanche mentioned was coded in this observation. https://avalanche.state.co.us/report/60cea9fe-7482-4755-a7f2-8218784e04e9, -, -, approved, -, -, -, -, -, -, -, -, -
a0fbebf9-6d69-479f-ac64-1ff7319b0cf3, Sat Nov 30 2024 12:00:00 GMT-0700 (Mountain Standard Time), Estimated, -, -, -105.8465701, 39.6457242, -, 1, >TL, NE, HS, N, -, R2, D2, -, Front Range, -, -, -, -, approved, -, -, -, -, -, -, -, -, -
1a06ee4f-461c-4085-9d92-64bf18c92a0a, Sat Nov 30 2024 12:00:00 GMT-0700 (Mountain Standard Time), Estimated, -, -, -105.8925128, 40.5208158, -, 1, >TL, NE, -, -, -, R2, D1.5, -, Front Range, -, -, -, -, approved, -, -, -, -, -, -, -, -, -
02105113-357f-47a3-a4f3-4667b1d0a81a, Sat Nov 30 2024 12:00:00 GMT-0700 (Mountain Standard Time), Estimated, -, -, -105.7780585, 39.828326, -, 2, TL, E, SS, N, -, R3, D2, -, Front Range, Upper Firs Creek, I saw the two avalanches at ~11200 (crown) spanning from the NE to the E aspect. These avalanches seemed to run naturally during the wind event from the night of 11/29/2024 to the morning of 12/1/2024., See snowpit for the crown profile, O, approved, -, Layer, -, -, -, -, 40, cm, BP
3fd3353a-62bf-4163-9a01-c5bb0cb9d85e, Sat Nov 30 2024 12:00:00 GMT-0700 (Mountain Standard Time), Estimated, -, -, -105.0749655, 38.8724713, -, 1, >TL, -, -, N, -, -, D1.5, -, Front Range, -, -, -, -, approved, -, -, -, -, -, -, -, -, -
a74fcef1-f3e9-422e-b7f1-6f87d6682906, Sat Nov 30 2024 12:00:00 GMT-0700 (Mountain Standard Time), Estimated, -, -, -105.7997811, 39.8004432, -, 1, >TL, E, SS, N, -, R2, D1.5, -, Front Range, Hoop Creek Headwall , -, -, -, approved, -, -, -, -, -, -, -, -, -
673ec541-714e-424a-8a0f-324a864f0373, Sat Nov 30 2024 12:00:00 GMT-0700 (Mountain Standard Time), Estimated, -, -, -105.8881962, 39.6716361, -, 1, TL, E, -, AS, u, R1, D1, -, Front Range, -, -, -, O, approved, -, -, -, -, -, -, -, -, -
8a10f4b0-b802-4153-ae81-c2f59623115c, Sat Nov 30 2024 06:00:00 GMT-0700 (Mountain Standard Time), Estimated, -, -, -105.8891785, 39.7735978, -, 1, >TL, E, -, -, -, R1, D1, -, Front Range, This was a little slide that looked like a wind pocket that was cornice triggered. , -, -, -, approved, -, -, -, -, -, -, -, -, -
8a10f4b0-b802-4153-ae81-c2f59623115c, Sat Nov 30 2024 06:00:00 GMT-0700 (Mountain Standard Time), Estimated, -, -, -105.8891785, 39.7735978, -, 1, >TL, N, HS, N, -, R3, D2, -, Front Range, Below the power lines in the Gumlick Basin south of Jones Pass Proper. , -, I wonder if this was a cornice fall/Wind Slab avalanche that stepped down to the ground. , G, approved, -, -, -, -, -, -, -, -, -
90b943e9-f620-4c1d-af31-10cb388a935e, Fri Nov 29 2024 12:00:00 GMT-0700 (Mountain Standard Time), Estimated, -, -, -105.891647, 39.6935669, -, 1, >TL, NE, HS, N, -, R1, D1, -, Front Range, -, -, -, -, approved, -, -, -, -, -, -, -, -, -
fceb0487-69e6-405e-8527-1cc5d05cd3bd, Fri Nov 29 2024 12:00:00 GMT-0700 (Mountain Standard Time), Estimated, -, -, -105.8872029, 39.6616388, -, 1, >TL, NW, -, N, -, R1, D1.5, -, Front Range, -, -, -, -, approved, -, -, -, -, -, -, -, -, -
90b943e9-f620-4c1d-af31-10cb388a935e, Fri Nov 29 2024 12:00:00 GMT-0700 (Mountain Standard Time), Estimated, -, -, -105.891647, 39.6935669, -, 1, >TL, E, HS, N, -, R1, D1, -, Front Range, -, -, -, -, approved, -, -, -, -, -, -, -, -, -
8a10f4b0-b802-4153-ae81-c2f59623115c, Fri Nov 29 2024 12:00:00 GMT-0700 (Mountain Standard Time), Estimated, -, -, -105.8891785, 39.7735978, -, 1, >TL, E, -, N, -, R2, D2, -, Front Range, Avalanche was mostly refilled but you could just make out the crown and flanks. , -, -, -, approved, -, -, -, -, -, -, -, -, -
474174ef-4ef8-4de9-8228-c05a8744a674, Fri Nov 29 2024 12:00:00 GMT-0700 (Mountain Standard Time), Estimated, -, -, -105.8538992, 39.7694312, -, 1, >TL, N, -, N, -, R2, D1.5, -, Front Range, The area just to the north of Hocus Peak avalanched. This was a second hand report from skiers at the trailhead. , -, -, -, approved, -, -, -, -, -, -, -, -, -
88099b7b-1326-4dfb-bf55-3fccf2013416, Thu Nov 28 2024 12:00:00 GMT-0700 (Mountain Standard Time), Estimated, -, -, -105.7879507, 39.8109939, -, 2, >TL, E, SS, N, -, -, D1.5, -, Front Range, -, -, -, -, approved, -, -, -, -, -, -, -, -, -
f7063df2-576b-4b08-8253-f816d0135210, Thu Nov 28 2024 12:00:00 GMT-0700 (Mountain Standard Time), Estimated, -, -, -105.7096217, 39.9004918, -, 1, <TL, NE, SS, AK, -, R2, D2, -, Front Range, -, -, -, -, approved, -, -, -, -, -, -, -, -, -
f641c6a3-37e8-4fac-acb4-dbb841c86f14, Thu Nov 28 2024 12:00:00 GMT-0700 (Mountain Standard Time), Estimated, -, -, -105.7886083, 39.8211378, -, 1, >TL, E, -, N, -, R2, D2, -, Front Range, -, -, -, -, approved, -, -, -, -, -, -, -, -, -
f641c6a3-37e8-4fac-acb4-dbb841c86f14, Wed Nov 27 2024 12:00:00 GMT-0700 (Mountain Standard Time), Estimated, -, -, -105.7886083, 39.8211378, -, 1, >TL, E, -, N, -, R1, D1.5, -, Front Range, Second Creek Headwall, -, -, -, approved, -, -, -, -, -, -, -, -, -
edfbc1ef-22b5-4c89-ac7e-521b205f0d65, Wed Nov 27 2024 12:00:00 GMT-0700 (Mountain Standard Time), Estimated, -, -, -105.677108, 39.9072271, -, 1, TL, N, -, -, -, -, D1, -, Front Range, -, -, date unknown, -, approved, -, -, -, -, -, -, -, -, -
f3f691b9-5dc6-4a37-9bcf-746fa13cba7a, Wed Nov 27 2024 12:00:00 GMT-0700 (Mountain Standard Time), Estimated, -, -, -105.7624076, 39.8879858, -, 1, <TL, N, SS, U, -, R1, D1, -, Front Range, -, -, -, -, approved, -, -, -, -, -, -, -, -, -
0a574464-c018-4212-bd35-16f1c8e5df44, Wed Nov 27 2024 12:00:00 GMT-0700 (Mountain Standard Time), Estimated, -, -, -105.7777849, 39.7983203, -, 1, TL, SE, SS, A, -, R1, D1.5, -, Front Range, The Roll under Nitro Chute. , -, -, -, approved, -, -, -, -, -, -, -, -, -
f641c6a3-37e8-4fac-acb4-dbb841c86f14, Wed Nov 27 2024 12:00:00 GMT-0700 (Mountain Standard Time), Estimated, -, -, -105.7886083, 39.8211378, -, 1, >TL, E, -, N, -, R1, D1, -, Front Range, -, -, -, -, approved, -, -, -, -, -, -, -, -, -
edfbc1ef-22b5-4c89-ac7e-521b205f0d65, Wed Nov 27 2024 12:00:00 GMT-0700 (Mountain Standard Time), Estimated, -, -, -105.677108, 39.9072271, -, 1, TL, N, -, -, -, -, D1, -, Front Range, -, -, date unknown, -, approved, -, -, -, -, -, -, -, -, -
f3f691b9-5dc6-4a37-9bcf-746fa13cba7a, Wed Nov 27 2024 12:00:00 GMT-0700 (Mountain Standard Time), Estimated, -, -, -105.7624076, 39.8879858, -, 1, <TL, N, SS, U, -, R1, D1, -, Front Range, -, -, -, -, approved, -, -, -, -, -, -, -, -, -
24fca158-18da-4d9c-8038-7d57a4cff002, Wed Nov 27 2024 12:00:00 GMT-0700 (Mountain Standard Time), Estimated, -, -, -105.8443127, 39.8046552, -, 1, >TL, E, SS, N, -, R2, D1.5, -, Front Range, -, -, -, -, approved, -, -, -, -, -, -, -, -, -
0ea904dd-13a2-413a-810f-3fdd6a2d3d78, Wed Nov 27 2024 12:00:00 GMT-0700 (Mountain Standard Time), Estimated, -, -, -105.6898721, 39.8720826, -, 2, >TL, E, -, N, -, R2, D1.5, -, Front Range, -, -, -, -, approved, -, -, -, -, -, -, -, -, -
eb66389b-2e7e-46a6-a15b-8ece25c0febb, Sat Nov 23 2024 12:00:00 GMT-0700 (Mountain Standard Time), Estimated, -, -, -105.0647471, 38.87976, -, 1, >TL, E, U, U, -, U, D1.5, -, Front Range, -, Visible crown looker's right of ""Cornice"" just below ridgeline. It is most likely a wind slab avalanche from a natural trigger., More than a few days old. Might have slid during a wind event before the Thanksgiving storm., -, approved, -, Unknown, -, -, -, -, -, -, MP
890d6320-465d-465d-b1e7-2dbd25de3a3d, Fri Nov 22 2024 12:00:00 GMT-0700 (Mountain Standard Time), Known, -, -, -105.7870256, 39.8257963, -, 1, TL, NE, HS, AR, -, R2, D1, true, Front Range, -, -, -, -, approved, -, -, -, -, -, -, -, -, -
7a955ad9-6d0c-4300-8a7b-30a5d7fe80d9, Sun Nov 17 2024 12:00:00 GMT-0700 (Mountain Standard Time), Estimated, -, -, -105.9067249, 40.5176602, -, 1, >TL, E, SS, N, -, R2, D2, -, Front Range, -, South Diamond Peak. , -, -, approved, -, -, -, -, -, -, -, -, -
ed6f5778-be81-4d9f-ad96-e18761b8fc96, Sun Nov 17 2024 12:00:00 GMT-0700 (Mountain Standard Time), Estimated, -, -, -105.6468461, 40.2714872, -, 1, >TL, N, SS, N, -, R2, D2, -, Front Range, -, -, -, -, approved, -, -, -, -, -, -, -, -, -
c2ae45bf-745c-4959-972a-013eef78af89, Fri Nov 15 2024 12:00:00 GMT-0700 (Mountain Standard Time), Estimated, -, -, -105.7972495, 39.8185064, -, 1, >TL, E, -, -, -, R1, D1, -, Front Range, -, -, -, -, approved, -, -, -, -, -, -, -, -, -
5af0f892-1ddb-4bdf-ba30-6187f7d09fe1, Thu Nov 14 2024 12:00:00 GMT-0700 (Mountain Standard Time), Estimated, -, -, -105.9347371, 40.4783161, -, 1, TL, E, SS, N, -, R1, D1, -, Front Range, Seven Utes Mountain, A small natural Wind Slab avalanche off an east-facing slope on an east-facing slope, -, -, approved, -, -, -, -, -, -, -, -, -
fd4fce6e-5462-4bcc-abae-61eb9b2e8d25, Thu Nov 14 2024 10:00:00 GMT-0700 (Mountain Standard Time), Estimated, -, -, -105.8538992, 39.7694312, -, 1, >TL, E, -, N, -, R1, D1, -, Front Range, -, One avalanche I saw was in very steep easterly terrain and appeared to be triggered by a skier. The other was older probably from 11/8 or 9 and was from steep rocky terrain. The avalanche is from an area that usually slides multiple times a year. , -, -, approved, -, -, -, -, -, -, -, -, -
9785c3c7-ecf2-424c-b619-321e9bc465f1, Sun Nov 10 2024 12:00:00 GMT-0700 (Mountain Standard Time), Estimated, -, -, -105.7777849, 39.7983203, -, 2, >TL, E, -, -, -, R1, D1, -, Front Range, -, -, -, -, approved, -, -, -, -, -, -, -, -, -
c7b84e9f-f7c4-40e4-b265-58f2d4a9f140, Sat Nov 09 2024 12:00:00 GMT-0700 (Mountain Standard Time), Estimated, -, -, -105.66717, 40.3073043, -, 1, -, N, SS, AF, -, -, D1, -, Front Range, -, -, -, -, approved, -, -, -, -, -, -, -, -, -
fd4fce6e-5462-4bcc-abae-61eb9b2e8d25, Sat Nov 09 2024 12:00:00 GMT-0700 (Mountain Standard Time), Estimated, -, -, -105.8538992, 39.7694312, -, 1, TL, N, SS, -, -, R1, D1, -, Front Range, -, One avalanche I saw was in very steep easterly terrain and appeared to be triggered by a skier. The other was older probably from 11/8 or 9 and was from steep rocky terrain. The avalanche is from an area that usually slides multiple times a year. , -, -, approved, -, -, -, -, -, -, -, -, -
d3b22a4a-cd2d-4856-b418-3f8da1e40010, Sat Nov 09 2024 12:00:00 GMT-0700 (Mountain Standard Time), Estimated, -, -, -104.9122803, 38.7833792, -, 1, <TL, N, L, N, -, R1, D1, -, Front Range, -, -, -, -, approved, -, -, -, -, -, -, -, -, -
74248e3e-f608-4e27-b404-1425b6db7f69, Sat Nov 09 2024 12:00:00 GMT-0700 (Mountain Standard Time), Known, -, -, -105.8919894, 39.6780086, -, -, TL, N, U, N, -, R1, D1, -, Front Range, Seven Sisters 1, -, Could not clearly see a crown line but there was debris in the track to mid-path., -, approved, -, -, -, -, -, -, -, -, MP
